CCS,Molecular_Weight,LogP,H_Donors,H_Acceptors,Rotatable_Bonds,SMILES,TPSA
152.7,208.21699999999998,0.2535000000000001,3.0,4.0,4.0,Nc1ccccc1C(=O)CC(N)C(=O)O,106.41000000000001
149.6,208.21699999999998,0.2535000000000001,3.0,4.0,4.0,Nc1ccccc1C(=O)CC(N)C(=O)O,106.41000000000001
160.2,207.229,0.9336,2.0,3.0,6.0,O=C(O)CNCCC(=O)c1ccccc1,66.4
148.5,207.229,0.9336,2.0,3.0,6.0,O=C(O)CNCCC(=O)c1ccccc1,66.4
149.7,207.229,0.9336,2.0,3.0,6.0,O=C(O)CNCCC(=O)c1ccccc1,66.4
140.1,321.14700000000005,3.7170000000000014,0.0,9.0,6.0,COP1(OC)=NP(OC)(OC)=NP(OC)(OC)=N1,92.46000000000001
153.4,321.14700000000005,3.7170000000000014,0.0,9.0,6.0,COP1(OC)=NP(OC)(OC)=NP(OC)(OC)=N1,92.46000000000001
167.7,321.14700000000005,3.7170000000000014,0.0,9.0,6.0,COP1(OC)=NP(OC)(OC)=NP(OC)(OC)=N1,92.46000000000001
153.5,321.14700000000005,3.7170000000000014,0.0,9.0,6.0,COP1(OC)=NP(OC)(OC)=NP(OC)(OC)=N1,92.46000000000001
134.7,134.13099999999997,-1.5531,3.0,4.0,0.0,O[C@@H]1C[C@H](O)[C@H](O)CO1,69.92
162.8,278.354,6.299400000000003,0.0,0.0,0.0,c1ccc2cc3cc4cc5ccccc5cc4cc3cc2c1,0.0
161.1,278.354,6.299400000000003,0.0,0.0,0.0,c1ccc2cc3cc4cc5ccccc5cc4cc3cc2c1,0.0
234.5,610.6250000000003,-1.336029999999992,12.0,10.0,19.0,N=C(N)NCCC[C@H](N=C(O)[C@H](CC(=O)O)N=C(O)[C@H](CO)N=C(O)[C@H](CO)N=C(O)[C@@H](N)Cc1ccccc1)C(=O)O,333.34
154.5,226.23600000000002,-0.289299999999999,4.0,4.0,6.0,NCCC(O)=N[C@@H](Cc1cnc[nH]1)C(=O)O,124.58999999999999
153.1,226.23600000000002,-0.289299999999999,4.0,4.0,6.0,NCCC(O)=N[C@@H](Cc1cnc[nH]1)C(=O)O,124.58999999999999
150.8,226.23600000000002,-0.289299999999999,4.0,4.0,6.0,NCCC(O)=N[C@@H](Cc1cnc[nH]1)C(=O)O,124.58999999999999
247.4,654.6819999999999,0.2210000000000088,11.0,11.0,21.0,C[C@H](N)C(O)=N[C@@H](C)C(O)=NCC(O)=N[C@@H](Cc1cnc[nH]1)C(O)=N[C@@H](CC(=O)O)C(O)=NCC(O)=N[C@@H](CCCCN)C(=O)O,350.86
246.4,658.7539999999999,2.274870000000008,11.0,10.0,22.0,CC[C@H](C)[C@H](N=C(O)[C@H](CC(=N)O)N=C(O)[C@H](C)N)C(O)=N[C@@H](CC(=O)O)C(O)=N[C@H](C(O)=N[C@@H](CCCCN)C(=O)O)C(C)C,333.67
247.4,731.7609999999999,0.4132700000000111,13.0,11.0,24.0,CC(C)[C@H](N)C(O)=N[C@@H](CCC(=O)O)C(O)=N[C@@H](CC(=O)O)C(O)=N[C@H](C(O)=N[C@@H](CC(=O)O)C(O)=N[C@@H](CCCNC(=N)N)C(=O)O)C(C)C,400.07
133.0,180.206,3.0493000000000023,0.0,1.0,0.0,O=C1C=Cc2cccc3cccc1c23,17.07
147.2,228.29399999999998,5.146200000000002,0.0,0.0,0.0,c1ccc2c(c1)ccc1c3ccccc3ccc21,0.0
144.9,228.29399999999998,5.146200000000002,0.0,0.0,0.0,c1ccc2c(c1)ccc1c3ccccc3ccc21,0.0
157.3,244.29299999999998,4.851800000000003,1.0,1.0,0.0,Oc1cc2c3ccccc3ccc2c2ccccc12,20.23
147.5,228.29399999999998,5.146200000000002,0.0,0.0,0.0,c1ccc2c(c1)c1ccccc1c1ccccc21,0.0
143.6,228.29399999999998,5.146200000000002,0.0,0.0,0.0,c1ccc2c(c1)c1ccccc1c1ccccc21,0.0
210.8,720.6599999999999,17.73000000000001,0.0,0.0,0.0,c12c3c4c5c1c1c6c7c2c2c8c3c3c9c4c4c%10c5c5c1c1c6c6c%11c7c2c2c7c8c3c3c8c9c4c4c9c%10c5c5c1c1c6c6c%11c2c2c7c3c3c8c4c4c9c5c1c1c6c2c3c41,0.0
143.9,206.28799999999998,4.609840000000003,0.0,0.0,0.0,Cc1ccc2ccc3ccc(C)cc3c2c1,0.0
142.8,206.28799999999998,4.609840000000003,0.0,0.0,0.0,Cc1ccc2ccc3ccc(C)cc3c2c1,0.0
151.5,252.31599999999997,5.737200000000002,0.0,0.0,0.0,c1cc2cccc3c4cccc5cccc(c(c1)c23)c54,0.0
149.6,252.31599999999997,5.737200000000002,0.0,0.0,0.0,c1cc2cccc3c4cccc5cccc(c(c1)c23)c54,0.0
150.9,252.31599999999997,5.6300000000000034,0.0,0.0,0.0,C1=Cc2c3ccc4ccccc4c3cc3cccc1c23,0.0
150.2,252.31599999999997,5.640400000000002,0.0,0.0,0.0,c1ccc2c(c1)-c1cccc3c1c-2cc1ccccc13,0.0
144.0,230.266,4.051200000000002,0.0,1.0,0.0,O=C1c2ccccc2-c2cccc3cccc1c23,17.07
142.9,230.266,4.051200000000002,0.0,1.0,0.0,O=C1c2ccccc2-c2cccc3cccc1c23,17.07
132.6,178.23399999999998,3.993000000000002,0.0,0.0,0.0,c1ccc2c(c1)ccc1ccccc12,0.0
131.2,178.23399999999998,3.993000000000002,0.0,0.0,0.0,c1ccc2c(c1)ccc1ccccc12,0.0
126.5,152.149,1.3175,1.0,3.0,1.0,CC(=O)Oc1cccc(O)c1,46.53
188.6,242.27099999999993,0.0373,3.0,5.0,7.0,COc1ccccc1OCC(CO)(CO)CO,79.15
184.3,242.27099999999993,0.0373,3.0,5.0,7.0,COc1ccccc1OCC(CO)(CO)CO,79.15
183.2,242.27099999999993,0.0373,3.0,5.0,7.0,COc1ccccc1OCC(CO)(CO)CO,79.15
188.1,242.27099999999993,0.0373,3.0,5.0,7.0,COc1ccccc1OCC(CO)(CO)CO,79.15
132.7,151.165,2.0001,2.0,2.0,1.0,CC(O)=Nc1ccc(O)cc1,52.82000000000001
131.4,151.165,2.0001,2.0,2.0,1.0,CC(O)=Nc1ccc(O)cc1,52.82000000000001
128.9,152.149,1.0193,2.0,2.0,2.0,O=C(O)Cc1ccc(O)cc1,57.53
147.8,153.18099999999998,0.3842999999999999,3.0,3.0,2.0,NC[C@@H](O)c1ccc(O)cc1,66.48
121.5,137.13799999999998,1.27557,3.0,2.0,1.0,N=C(O)c1ccccc1O,64.31
124.5,137.13799999999998,1.27557,3.0,2.0,1.0,N=C(O)c1ccccc1O,64.31
140.4,168.148,0.7248999999999997,3.0,3.0,2.0,O=C(O)Cc1ccc(O)c(O)c1,77.76
115.1,110.11199999999998,1.0978,2.0,2.0,0.0,Oc1ccccc1O,40.46
118.7,110.11199999999998,1.0978,2.0,2.0,0.0,Oc1ccc(O)cc1,40.46
113.9,110.11199999999998,1.0978,2.0,2.0,0.0,Oc1ccc(O)cc1,40.46
143.2,169.17999999999998,0.3045999999999998,4.0,4.0,2.0,NCCc1cc(O)c(O)cc1O,86.71000000000001
127.7,170.164,0.1234999999999998,4.0,4.0,2.0,OCC(O)c1ccc(O)c(O)c1,80.92
121.5,124.13899999999998,1.4062199999999998,2.0,2.0,0.0,Cc1ccc(O)c(O)c1,40.46
134.4,169.17999999999998,0.0898999999999997,4.0,4.0,2.0,NC[C@H](O)c1ccc(O)c(O)c1,86.71000000000001
137.1,169.17999999999998,0.0898999999999997,4.0,4.0,2.0,NC[C@H](O)c1ccc(O)c(O)c1,86.71000000000001
140.3,183.207,0.3505999999999998,4.0,4.0,3.0,CNC[C@H](O)c1ccc(O)c(O)c1,72.72
133.3,153.18099999999998,0.599,3.0,3.0,2.0,NCCc1ccc(O)c(O)c1,66.48
142.7,153.18099999999998,0.599,3.0,3.0,2.0,NCCc1ccc(O)c(O)c1,66.48
137.7,184.147,0.2157999999999995,4.0,4.0,2.0,O=C(O)C(O)c1ccc(O)c(O)c1,97.99000000000001
155.4,183.207,0.3928999999999998,3.0,4.0,3.0,COc1cc(C(O)CN)ccc1O,75.71000000000001
146.9,167.20800000000003,0.902,2.0,3.0,3.0,COc1cc(CCN)ccc1O,55.480000000000004
136.3,182.175,1.0279,2.0,3.0,3.0,COc1cc(CC(=O)O)ccc1O,66.76
145.9,182.175,1.0279,2.0,3.0,3.0,COc1cc(CC(=O)O)ccc1O,66.76
158.0,184.191,0.4264999999999997,3.0,4.0,3.0,COc1cc(C(O)CO)ccc1O,69.92
130.6,198.174,0.5187999999999997,3.0,4.0,3.0,COc1cc(C(O)C(=O)O)ccc1O,86.99000000000001
140.3,210.22899999999998,1.5064,1.0,4.0,4.0,CCOC(=O)Cc1ccc(O)c(OC)c1,55.760000000000005
138.2,138.16599999999997,0.9269999999999998,2.0,2.0,2.0,OCCc1ccc(O)cc1,40.46
133.6,166.176,1.4094,2.0,2.0,3.0,O=C(O)CCc1ccccc1O,57.53
142.2,182.175,0.3801999999999999,3.0,3.0,3.0,O=C(O)C(O)Cc1ccc(O)cc1,77.76
144.0,182.175,0.3801999999999999,3.0,3.0,3.0,O=C(O)C(O)Cc1ccc(O)cc1,77.76
182.4,373.4100000000001,0.7982000000000038,6.0,6.0,9.0,C[C@H](N)C(O)=N[C@@H](C)C(O)=N[C@@H](C)C(O)=N[C@@H](C)C(O)=N[C@@H](C)C(=O)O,193.67999999999998
216.15,588.5350000000003,-1.36179999999999,11.0,11.0,19.0,NCC(O)=NCC(O)=NCC(O)=NCC(O)=NCC(O)=NCC(O)=NCC(O)=NCC(O)=NCC(O)=NCC(=O)O,356.63
226.02,645.5870000000002,-1.405299999999989,12.0,12.0,21.0,NCC(O)=NCC(O)=NCC(O)=NCC(O)=NCC(O)=NCC(O)=NCC(O)=NCC(O)=NCC(O)=NCC(O)=NCC(=O)O,389.22
233.99,702.6390000000001,-1.4487999999999923,13.0,13.0,23.0,NCC(O)=NCC(O)=NCC(O)=NCC(O)=NCC(O)=NCC(O)=NCC(O)=NCC(O)=NCC(O)=NCC(O)=NCC(O)=NCC(=O)O,421.81000000000006
245.0,759.691,-1.4922999999999966,14.0,14.0,25.0,NCC(O)=NCC(O)=NCC(O)=NCC(O)=NCC(O)=NCC(O)=NCC(O)=NCC(O)=NCC(O)=NCC(O)=NCC(O)=NCC(O)=NCC(=O)O,454.4000000000001
173.8,314.211,2.9054000000000024,3.0,4.0,8.0,CC(C)=CCC/C(C)=C/COP(=O)(O)OP(=O)(O)O,113.29000000000002
167.5,314.211,2.9054000000000024,3.0,4.0,8.0,CC(C)=CCC/C(C)=C/COP(=O)(O)OP(=O)(O)O,113.29000000000002
140.9,152.23699999999997,2.2576,0.0,1.0,1.0,CC(C)[C@]12CC(=O)[C@H](C)[C@H]1C2,17.07
141.9,152.237,2.401700000000001,0.0,1.0,0.0,CC12CCC(CC1=O)C2(C)C,17.07
139.7,154.253,2.669800000000001,1.0,1.0,4.0,C=C[C@@](C)(O)CCC=C(C)C,20.23
129.8,136.238,2.9987000000000013,0.0,0.0,0.0,C=C1C2CCC(C2)C1(C)C,0.0
132.2,136.238,2.9987000000000013,0.0,0.0,0.0,C=C1C2CCC(C2)C1(C)C,0.0
207.9,416.6900000000003,8.531840000000004,1.0,2.0,12.0,Cc1c(O)cc2c(c1C)O[C@](C)(CCC[C@H](C)CCC[C@H](C)CCCC(C)C)CC2,29.46
209.8,416.6900000000003,8.531840000000004,1.0,2.0,12.0,Cc1c(O)cc2c(c1C)O[C@](C)(CCC[C@H](C)CCC[C@H](C)CCCC(C)C)CC2,29.46
208.9,430.7170000000003,8.840260000000002,1.0,2.0,12.0,Cc1c(C)c2c(c(C)c1O)CC[C@@](C)(CCC[C@H](C)CCC[C@H](C)CCCC(C)C)O2,29.46
213.0,430.7170000000003,8.840260000000002,1.0,2.0,12.0,Cc1c(C)c2c(c(C)c1O)CC[C@@](C)(CCC[C@H](C)CCC[C@H](C)CCCC(C)C)O2,29.46
182.1,300.44200000000006,5.602600000000006,1.0,1.0,5.0,CC1=C(/C=C/C(C)=C/C=C/C(C)=C/C(=O)O)C(C)(C)CCC1,37.3
197.4,649.0160000000004,14.097399999999968,0.0,2.0,20.0,CC(C)=CCC/C(C)=C/CC/C(C)=C/CC/C(C)=C/CC/C(C)=C/CC/C(C)=C/CC/C(C)=C/CC1=C(C)C(=O)c2ccccc2C1=O,34.14
173.8,264.32099999999997,2.2499,2.0,3.0,3.0,CC1=CC(=O)CC(C)(C)[C@@]1(O)/C=C/C(C)=C\C(=O)O,74.6
159.5,264.32099999999997,2.2499,2.0,3.0,3.0,CC1=CC(=O)CC(C)(C)[C@@]1(O)/C=C/C(C)=C\C(=O)O,74.6
175.1,264.32099999999997,2.2499,2.0,3.0,3.0,CC1=CC(=O)CC(C)(C)[C@@]1(O)/C=C/C(C)=C\C(=O)O,74.6
194.4,390.3850000000001,-2.1507999999999976,5.0,10.0,4.0,COC(=O)C1=CO[C@@H](O[C@@H]2O[C@H](CO)[C@@H](O)[C@H](O)[C@H]2O)[C@@H]2[C@@H](C)[C@@H](O)C[C@H]12,155.14000000000001
190.9,388.3690000000002,-1.7764999999999984,4.0,10.0,7.0,C=C[C@H]1[C@H](O[C@@H]2O[C@H](CO)[C@@H](O)[C@H](O)[C@H]2O)OC=C(C(=O)OC)[C@H]1CC=O,151.98
190.7,388.3690000000002,-1.7764999999999984,4.0,10.0,7.0,C=C[C@H]1[C@H](O[C@@H]2O[C@H](CO)[C@@H](O)[C@H](O)[C@H]2O)OC=C(C(=O)OC)[C@H]1CC=O,151.98
160.6,242.238,1.6010400000000002,2.0,6.0,0.0,Cc1cc2nc3nc(O)nc(O)c3nc2cc1C,92.02000000000001
155.6,242.238,1.6010400000000002,2.0,6.0,0.0,Cc1cc2nc3nc(O)nc(O)c3nc2cc1C,92.02000000000001
153.4,242.238,1.6010400000000002,2.0,6.0,0.0,Cc1cc2nc3nc(O)nc(O)c3nc2cc1C,92.02000000000001
168.1,242.238,1.6010400000000002,2.0,6.0,0.0,Cc1cc2nc3nc(O)nc(O)c3nc2cc1C,92.02000000000001
198.1,376.36900000000014,-1.31126,5.0,10.0,5.0,Cc1cc2nc3c(O)nc(=O)nc-3n(C[C@H](O)[C@H](O)[C@H](O)CO)c2cc1C,161.82
187.3,376.36900000000014,-1.31126,5.0,10.0,5.0,Cc1cc2nc3c(O)nc(=O)nc-3n(C[C@H](O)[C@H](O)[C@H](O)CO)c2cc1C,161.82
189.7,376.36900000000014,-1.31126,5.0,10.0,5.0,Cc1cc2nc3c(O)nc(=O)nc-3n(C[C@H](O)[C@H](O)[C@H](O)CO)c2cc1C,161.82
199.8,459.46300000000025,-0.0150299999999983,8.0,9.0,9.0,CN1c2c(O)nc(=N)[nH]c2NC[C@@H]1CNc1ccc(C(=O)N[C@@H](CCC(=O)O)C(=O)O)cc1,203.75999999999996
197.3,459.46300000000025,-0.0150299999999983,8.0,9.0,9.0,CN1c2c(O)nc(=N)[nH]c2NC[C@@H]1CNc1ccc(C(=O)N[C@@H](CCC(=O)O)C(=O)O)cc1,203.75999999999996
128.7,163.14,-0.4620300000000002,3.0,5.0,0.0,N=c1nc(O)c2nccnc2[nH]1,98.53999999999999
128.8,163.14,-0.4620300000000002,3.0,5.0,0.0,N=c1nc(O)c2nccnc2[nH]1,98.53999999999999
143.5,163.14,-0.4620300000000002,3.0,5.0,0.0,N=c1nc(O)c2nccnc2[nH]1,98.53999999999999
197.8,459.46300000000025,-0.0150299999999983,8.0,9.0,9.0,CN1c2c(O)nc(=N)[nH]c2NC[C@@H]1CNc1ccc(C(=O)N[C@@H](CCC(=O)O)C(=O)O)cc1,203.75999999999996
194.7,459.46300000000025,-0.0150299999999983,8.0,9.0,9.0,CN1c2c(O)nc(=N)[nH]c2NC[C@@H]1CNc1ccc(C(=O)N[C@@H](CCC(=O)O)C(=O)O)cc1,203.75999999999996
197.7,459.46300000000025,-0.0150299999999983,8.0,9.0,9.0,CN1c2c(O)nc(=N)[nH]c2NC[C@@H]1CNc1ccc(C(=O)N[C@@H](CCC(=O)O)C(=O)O)cc1,203.75999999999996
126.6,164.12399999999997,-0.1690000000000006,2.0,6.0,0.0,Oc1nc(O)c2nccnc2n1,92.02000000000001
134.6,164.12399999999997,-0.1690000000000006,2.0,6.0,0.0,Oc1nc(O)c2nccnc2n1,92.02000000000001
145.0,164.12399999999997,-0.1690000000000006,2.0,6.0,0.0,Oc1nc(O)c2nccnc2n1,92.02000000000001
155.4,251.24599999999998,-0.9507999999999996,3.0,8.0,2.0,Nc1ncnc2c1ncn2[C@H]1C[C@H](O)[C@@H](CO)O1,119.31000000000002
152.3,251.24599999999998,-0.9507999999999996,3.0,8.0,2.0,Nc1ncnc2c1ncn2[C@H]1C[C@H](O)[C@@H](CO)O1,119.31000000000002
158.2,251.24599999999998,-0.9507999999999996,3.0,8.0,2.0,Nc1ncnc2c1ncn2[C@H]1C[C@H](O)[C@@H](CO)O1,119.31000000000002
161.9,251.24599999999998,-0.9507999999999996,3.0,8.0,2.0,Nc1ncnc2c1ncn2[C@H]1C[C@H](O)[C@@H](CO)O1,119.31000000000002
159.2,267.24499999999995,-1.4148300000000005,5.0,8.0,2.0,N=c1nc(O)c2ncn([C@H]3C[C@H](O)[C@@H](CO)O3)c2[nH]1,140.27
171.6,267.24499999999995,-1.4148300000000005,5.0,8.0,2.0,N=c1nc(O)c2ncn([C@H]3C[C@H](O)[C@@H](CO)O3)c2[nH]1,140.27
171.8,267.24499999999995,-1.4148300000000005,5.0,8.0,2.0,N=c1nc(O)c2ncn([C@H]3C[C@H](O)[C@@H](CO)O3)c2[nH]1,140.27
174.3,283.244,-2.44403,6.0,9.0,2.0,N=c1nc(O)c2ncn([C@@H]3O[C@H](CO)[C@@H](O)[C@H]3O)c2[nH]1,160.5
163.5,283.244,-2.44403,6.0,9.0,2.0,N=c1nc(O)c2ncn([C@@H]3O[C@H](CO)[C@@H](O)[C@H]3O)c2[nH]1,160.5
175.3,283.244,-2.44403,6.0,9.0,2.0,N=c1nc(O)c2ncn([C@@H]3O[C@H](CO)[C@@H](O)[C@H]3O)c2[nH]1,160.5
162.9,281.272,-2.139229999999999,4.0,9.0,2.0,Cn1cnc2c(ncn2[C@@H]2O[C@H](CO)[C@@H](O)[C@H]2O)c1=N,129.41000000000003
160.0,281.272,-2.139229999999999,4.0,9.0,2.0,Cn1cnc2c(ncn2[C@@H]2O[C@H](CO)[C@@H](O)[C@H]2O)c1=N,129.41000000000003
164.9,281.272,-2.139229999999999,4.0,9.0,2.0,Cn1cnc2c(ncn2[C@@H]2O[C@H](CO)[C@@H](O)[C@H]2O)c1=N,129.41000000000003
171.1,281.272,-2.139229999999999,4.0,9.0,2.0,Cn1cnc2c(ncn2[C@@H]2O[C@H](CO)[C@@H](O)[C@H]2O)c1=N,129.41000000000003
166.4,297.271,-2.8459299999999987,5.0,9.0,2.0,Cn1c(=N)[nH]c2c(ncn2[C@@H]2O[C@H](CO)[C@@H](O)[C@H]2O)c1=O,149.38
167.7,297.271,-2.8459299999999987,5.0,9.0,2.0,Cn1c(=N)[nH]c2c(ncn2[C@@H]2O[C@H](CO)[C@@H](O)[C@H]2O)c1=O,149.38
179.7,297.271,-2.8459299999999987,5.0,9.0,2.0,Cn1c(=N)[nH]c2c(ncn2[C@@H]2O[C@H](CO)[C@@H](O)[C@H]2O)c1=O,149.38
182.5,443.20200000000006,-2.21003,8.0,12.0,6.0,N=c1nc(O)c2ncn(C3OC(COP(=O)(O)OP(=O)(O)O)C(O)C3O)c2[nH]1,253.55999999999992
157.7,267.245,-1.98,4.0,9.0,2.0,Nc1ncnc2c1ncn2[C@@H]1O[C@H](CO)[C@@H](O)[C@H]1O,139.54000000000002
161.6,267.245,-1.98,4.0,9.0,2.0,Nc1ncnc2c1ncn2[C@@H]1O[C@H](CO)[C@@H](O)[C@H]1O,139.54000000000002
165.6,267.245,-1.98,4.0,9.0,2.0,Nc1ncnc2c1ncn2[C@@H]1O[C@H](CO)[C@@H](O)[C@H]1O,139.54000000000002
155.5,267.245,-1.98,4.0,9.0,2.0,Nc1ncnc2c1ncn2[C@@H]1O[C@H](CO)[C@@H](O)[C@H]1O,139.54000000000002
158.2,268.22900000000004,-1.8566000000000005,4.0,9.0,2.0,OC[C@H]1O[C@@H](n2cnc3c(O)ncnc32)[C@H](O)[C@@H]1O,133.75
170.3,268.22900000000004,-1.8566000000000005,4.0,9.0,2.0,OC[C@H]1O[C@@H](n2cnc3c(O)ncnc32)[C@H](O)[C@@H]1O,133.75
159.6,268.22900000000004,-1.8566000000000005,4.0,9.0,2.0,OC[C@H]1O[C@@H](n2cnc3c(O)ncnc32)[C@H](O)[C@@H]1O,133.75
172.1,268.22900000000004,-1.8566000000000005,4.0,9.0,2.0,OC[C@H]1O[C@@H](n2cnc3c(O)ncnc32)[C@H](O)[C@@H]1O,133.75
162.4,284.228,-2.151,5.0,10.0,2.0,OC[C@H]1O[C@@H](n2cnc3c(O)nc(O)nc32)[C@H](O)[C@@H]1O,153.98
162.1,284.228,-2.151,5.0,10.0,2.0,OC[C@H]1O[C@@H](n2cnc3c(O)nc(O)nc32)[C@H](O)[C@@H]1O,153.98
172.9,284.228,-2.151,5.0,10.0,2.0,OC[C@H]1O[C@@H](n2cnc3c(O)nc(O)nc32)[C@H](O)[C@@H]1O,153.98
173.4,284.228,-2.151,5.0,10.0,2.0,OC[C@H]1O[C@@H](n2cnc3c(O)nc(O)nc32)[C@H](O)[C@@H]1O,153.98
159.5,284.228,-2.151,5.0,10.0,2.0,OC[C@H]1O[C@@H](n2cnc3c(O)nc(O)nc32)[C@H](O)[C@@H]1O,153.98
173.6,329.20900000000006,-0.8174000000000001,3.0,10.0,2.0,Nc1ncnc2c1ncn2C1OC(CO)C2OP(=O)(O)OC21,154.84
169.4,329.20900000000006,-0.8174000000000001,3.0,10.0,2.0,Nc1ncnc2c1ncn2C1OC(CO)C2OP(=O)(O)OC21,154.84
168.0,329.20900000000006,-0.8174000000000001,3.0,10.0,2.0,Nc1ncnc2c1ncn2C1OC(CO)C2OP(=O)(O)OC21,154.84
174.9,329.20900000000006,-0.8174000000000001,3.0,10.0,2.0,Nc1ncnc2c1ncn2C1OC(CO)C2OP(=O)(O)OC21,154.84
181.3,329.20900000000006,-0.8174000000000001,3.0,10.0,2.0,Nc1ncnc2c1ncn2C1OC(CO)C2OP(=O)(O)OC21,154.84
169.8,639.4270000000005,-0.5373299999999981,6.0,16.0,10.0,N=c1nc(O)c2ncn([C@@H]3O[C@@H]4COP(=O)(OCc5ccc(C(=O)N(CC(=O)O)CC(=O)O)cc5[N+](=O)[O-])O[C@H]4[C@H]3O)c2[nH]1,302.85
167.8,639.4270000000005,-0.5373299999999981,6.0,16.0,10.0,N=c1nc(O)c2ncn([C@@H]3O[C@@H]4COP(=O)(OCc5ccc(C(=O)N(CC(=O)O)CC(=O)O)cc5[N+](=O)[O-])O[C@H]4[C@H]3O)c2[nH]1,302.85
172.4,639.4270000000005,-0.5373299999999981,6.0,16.0,10.0,N=c1nc(O)c2ncn([C@@H]3O[C@@H]4COP(=O)(OCc5ccc(C(=O)N(CC(=O)O)CC(=O)O)cc5[N+](=O)[O-])O[C@H]4[C@H]3O)c2[nH]1,302.85
171.9,329.209,-0.8174000000000001,3.0,10.0,1.0,Nc1ncnc2c1ncn2[C@@H]1O[C@@H]2COP(=O)(O)O[C@H]2[C@H]1O,154.84
172.7,329.209,-0.8174000000000001,3.0,10.0,1.0,Nc1ncnc2c1ncn2[C@@H]1O[C@@H]2COP(=O)(O)O[C@H]2[C@H]1O,154.84
177.0,329.209,-0.8174000000000001,3.0,10.0,1.0,Nc1ncnc2c1ncn2[C@@H]1O[C@@H]2COP(=O)(O)O[C@H]2[C@H]1O,154.84
181.3,329.209,-0.8174000000000001,3.0,10.0,1.0,Nc1ncnc2c1ncn2[C@@H]1O[C@@H]2COP(=O)(O)O[C@H]2[C@H]1O,154.84
189.0,329.209,-0.8174000000000001,3.0,10.0,1.0,Nc1ncnc2c1ncn2[C@@H]1O[C@@H]2COP(=O)(O)O[C@H]2[C@H]1O,154.84
177.4,424.1790000000001,-3.076829999999997,4.0,13.0,6.0,N=c1nc([O-])c2ncn([C@H]3C[C@H](O)[C@@H](COP(=O)(O)OP(=O)([O-])[O-])O3)c2[nH]1,241.81999999999996
185.7,424.1790000000001,-3.076829999999997,4.0,13.0,6.0,N=c1nc([O-])c2ncn([C@H]3C[C@H](O)[C@@H](COP(=O)(O)OP(=O)([O-])[O-])O3)c2[nH]1,241.81999999999996
180.8,424.1790000000001,-3.076829999999997,4.0,13.0,6.0,N=c1nc([O-])c2ncn([C@H]3C[C@H](O)[C@@H](COP(=O)(O)OP(=O)([O-])[O-])O3)c2[nH]1,241.81999999999996
188.5,424.1790000000001,-3.076829999999997,4.0,13.0,6.0,N=c1nc([O-])c2ncn([C@H]3C[C@H](O)[C@@H](COP(=O)(O)OP(=O)([O-])[O-])O3)c2[nH]1,241.81999999999996
185.1,424.1790000000001,-3.076829999999997,4.0,13.0,6.0,N=c1nc([O-])c2ncn([C@H]3C[C@H](O)[C@@H](COP(=O)(O)OP(=O)([O-])[O-])O3)c2[nH]1,241.81999999999996
170.0,331.225,-0.8337999999999994,4.0,9.0,4.0,Nc1ncnc2c1ncn2[C@H]1C[C@H](O)[C@@H](COP(=O)(O)O)O1,165.83999999999997
164.9,331.225,-0.8337999999999994,4.0,9.0,4.0,Nc1ncnc2c1ncn2[C@H]1C[C@H](O)[C@@H](COP(=O)(O)O)O1,165.83999999999997
168.6,331.225,-0.8337999999999994,4.0,9.0,4.0,Nc1ncnc2c1ncn2[C@H]1C[C@H](O)[C@@H](COP(=O)(O)O)O1,165.83999999999997
173.9,331.225,-0.8337999999999994,4.0,9.0,4.0,Nc1ncnc2c1ncn2[C@H]1C[C@H](O)[C@@H](COP(=O)(O)O)O1,165.83999999999997
185.7,535.1470000000002,-7.855799999999999,4.0,15.0,8.0,Nc1ncnc2c1ncn2[C@H]1C[C@H](O)[C@@H](COP(=O)(O)OP(=O)(O)OP(=O)([O-])[O-])O1.[Na+].[Na+],264.55999999999995
186.4,535.1470000000002,-7.855799999999999,4.0,15.0,8.0,Nc1ncnc2c1ncn2[C@H]1C[C@H](O)[C@@H](COP(=O)(O)OP(=O)(O)OP(=O)([O-])[O-])O1.[Na+].[Na+],264.55999999999995
195.0,535.1470000000002,-7.855799999999999,4.0,15.0,8.0,Nc1ncnc2c1ncn2[C@H]1C[C@H](O)[C@@H](COP(=O)(O)OP(=O)(O)OP(=O)([O-])[O-])O1.[Na+].[Na+],264.55999999999995
202.0,535.1470000000002,-7.855799999999999,4.0,15.0,8.0,Nc1ncnc2c1ncn2[C@H]1C[C@H](O)[C@@H](COP(=O)(O)OP(=O)(O)OP(=O)([O-])[O-])O1.[Na+].[Na+],264.55999999999995
170.4,347.22400000000005,-1.2978299999999998,6.0,9.0,4.0,N=c1nc(O)c2ncn([C@H]3C[C@H](O)[C@@H](COP(=O)(O)O)O3)c2[nH]1,186.79999999999995
169.4,347.22400000000005,-1.2978299999999998,6.0,9.0,4.0,N=c1nc(O)c2ncn([C@H]3C[C@H](O)[C@@H](COP(=O)(O)O)O3)c2[nH]1,186.79999999999995
177.3,347.22400000000005,-1.2978299999999998,6.0,9.0,4.0,N=c1nc(O)c2ncn([C@H]3C[C@H](O)[C@@H](COP(=O)(O)O)O3)c2[nH]1,186.79999999999995
182.8,507.18200000000013,-1.0638299999999994,8.0,13.0,8.0,N=c1nc(O)c2ncn([C@H]3C[C@H](O)[C@@H](COP(=O)(O)OP(=O)(O)OP(=O)(O)O)O3)c2[nH]1,279.85999999999996
191.9,507.18200000000013,-1.0638299999999994,8.0,13.0,8.0,N=c1nc(O)c2ncn([C@H]3C[C@H](O)[C@@H](COP(=O)(O)OP(=O)(O)OP(=O)(O)O)O3)c2[nH]1,279.85999999999996
218.3,589.3440000000004,-3.921799999999995,9.0,18.0,9.0,Nc1ncnc2c1ncn2[C@@H]1O[C@H](COP(=O)(O)OP(=O)(O)O[C@H]2O[C@H](CO)[C@@H](O)[C@H](O)[C@H]2O)[C@@H](O)[C@H]1O,311.75
225.9,589.3440000000004,-3.921799999999995,9.0,18.0,9.0,Nc1ncnc2c1ncn2[C@@H]1O[C@H](COP(=O)(O)OP(=O)(O)O[C@H]2O[C@H](CO)[C@@H](O)[C@H](O)[C@H]2O)[C@@H](O)[C@H]1O,311.75
217.8,589.3440000000004,-3.921799999999995,9.0,18.0,9.0,Nc1ncnc2c1ncn2[C@@H]1O[C@H](COP(=O)(O)OP(=O)(O)O[C@H]2O[C@H](CO)[C@@H](O)[C@H](O)[C@H]2O)[C@@H](O)[C@H]1O,311.75
205.8,605.3430000000003,-4.385829999999995,11.0,18.0,9.0,N=c1nc(O)c2ncn([C@@H]3O[C@H](COP(=O)(O)OP(=O)(O)O[C@H]4O[C@H](CO)[C@@H](O)[C@H](O)[C@@H]4O)[C@@H](O)[C@H]3O)c2[nH]1,332.71
227.7,605.3430000000003,-4.385829999999995,11.0,18.0,9.0,N=c1nc(O)c2ncn([C@@H]3O[C@H](COP(=O)(O)OP(=O)(O)O[C@H]4O[C@H](CO)[C@@H](O)[C@H](O)[C@@H]4O)[C@@H](O)[C@H]3O)c2[nH]1,332.71
204.2,559.3180000000003,-3.282699999999996,8.0,17.0,9.0,Nc1ncnc2c1ncn2C1OC(COP(=O)(O)OP(=O)(O)OCC2OC(O)C(O)C2O)C(O)C1O,291.52
187.8,559.3180000000003,-3.282699999999996,8.0,17.0,9.0,Nc1ncnc2c1ncn2C1OC(COP(=O)(O)OP(=O)(O)OCC2OC(O)C(O)C2O)C(O)C1O,291.52
202.1,559.3180000000003,-3.282699999999996,8.0,17.0,9.0,Nc1ncnc2c1ncn2C1OC(COP(=O)(O)OP(=O)(O)OCC2OC(O)C(O)C2O)C(O)C1O,291.52
206.8,559.3180000000003,-3.282699999999996,8.0,17.0,9.0,Nc1ncnc2c1ncn2C1OC(COP(=O)(O)OP(=O)(O)OCC2OC(O)C(O)C2O)C(O)C1O,291.52
212.5,559.3180000000003,-3.282699999999996,8.0,17.0,9.0,Nc1ncnc2c1ncn2C1OC(COP(=O)(O)OP(=O)(O)OCC2OC(O)C(O)C2O)C(O)C1O,291.52
217.6,559.3180000000003,-3.282699999999996,8.0,17.0,9.0,Nc1ncnc2c1ncn2C1OC(COP(=O)(O)OP(=O)(O)OCC2OC(O)C(O)C2O)C(O)C1O,291.52
169.4,363.223,-2.32703,7.0,10.0,4.0,N=c1nc(O)c2ncn([C@@H]3O[C@H](COP(=O)(O)O)[C@@H](O)[C@H]3O)c2[nH]1,207.02999999999994
208.8,605.3430000000003,-4.385829999999995,11.0,18.0,9.0,N=c1nc(O)c2ncn([C@@H]3O[C@H](COP(=O)(O)OP(=O)(O)O[C@H]4O[C@H](CO)[C@@H](O)[C@H](O)[C@@H]4O)[C@@H](O)[C@H]3O)c2[nH]1,332.71
166.6,348.208,-1.7396,5.0,10.0,4.0,O=P(O)(O)OC[C@H]1O[C@@H](n2cnc3c(O)ncnc32)[C@H](O)[C@@H]1O,180.28
171.4,348.208,-1.7396,5.0,10.0,4.0,O=P(O)(O)OC[C@H]1O[C@@H](n2cnc3c(O)ncnc32)[C@H](O)[C@@H]1O,180.28
174.9,348.208,-1.7396,5.0,10.0,4.0,O=P(O)(O)OC[C@H]1O[C@@H](n2cnc3c(O)ncnc32)[C@H](O)[C@@H]1O,180.28
171.5,348.208,-1.7396,5.0,10.0,4.0,O=P(O)(O)OC[C@H]1O[C@@H](n2cnc3c(O)ncnc32)[C@H](O)[C@@H]1O,180.28
187.8,427.20300000000003,-1.746,6.0,12.0,6.0,Nc1ncnc2c1ncn2[C@@H]1O[C@H](COP(=O)(O)OP(=O)(O)O)[C@@H](O)[C@H]1O,232.59999999999997
184.8,427.20300000000003,-1.746,6.0,12.0,6.0,Nc1ncnc2c1ncn2[C@@H]1O[C@H](COP(=O)(O)OP(=O)(O)O)[C@@H](O)[C@H]1O,232.59999999999997
187.2,427.20300000000003,-1.746,6.0,12.0,6.0,Nc1ncnc2c1ncn2[C@@H]1O[C@H](COP(=O)(O)OP(=O)(O)O)[C@@H](O)[C@H]1O,232.59999999999997
194.2,427.20300000000003,-1.746,6.0,12.0,6.0,Nc1ncnc2c1ncn2[C@@H]1O[C@H](COP(=O)(O)OP(=O)(O)O)[C@@H](O)[C@H]1O,232.59999999999997
171.0,364.20700000000005,-2.034,6.0,11.0,4.0,O=P(O)(O)OC[C@H]1O[C@@H](n2cnc3c(O)nc(O)nc32)[C@H](O)[C@@H]1O,200.51
166.2,364.20700000000005,-2.034,6.0,11.0,4.0,O=P(O)(O)OC[C@H]1O[C@@H](n2cnc3c(O)nc(O)nc32)[C@H](O)[C@@H]1O,200.51
175.5,364.20700000000005,-2.034,6.0,11.0,4.0,O=P(O)(O)OC[C@H]1O[C@@H](n2cnc3c(O)nc(O)nc32)[C@H](O)[C@@H]1O,200.51
193.5,507.1820000000001,-1.628999999999999,7.0,14.0,8.0,Nc1ncnc2c1ncn2[C@@H]1O[C@H](COP(=O)(O)OP(=O)(O)OP(=O)(O)O)[C@@H](O)[C@H]1O,279.13
188.3,507.1820000000001,-1.628999999999999,7.0,14.0,8.0,Nc1ncnc2c1ncn2[C@@H]1O[C@H](COP(=O)(O)OP(=O)(O)OP(=O)(O)O)[C@@H](O)[C@H]1O,279.13
196.7,507.1820000000001,-1.628999999999999,7.0,14.0,8.0,Nc1ncnc2c1ncn2[C@@H]1O[C@H](COP(=O)(O)OP(=O)(O)OP(=O)(O)O)[C@@H](O)[C@H]1O,279.13
204.2,507.1820000000001,-1.628999999999999,7.0,14.0,8.0,Nc1ncnc2c1ncn2[C@@H]1O[C@H](COP(=O)(O)OP(=O)(O)OP(=O)(O)O)[C@@H](O)[C@H]1O,279.13
182.7,574.1120000000002,-12.389600000000003,4.0,16.0,8.0,O=P([O-])([O-])OP(=O)(O)OP(=O)(O)OC[C@H]1O[C@@H](n2cnc3c([O-])ncnc32)[C@H](O)[C@@H]1O.[Na+].[Na+].[Na+],281.83
189.2,574.1120000000002,-12.389600000000003,4.0,16.0,8.0,O=P([O-])([O-])OP(=O)(O)OP(=O)(O)OC[C@H]1O[C@@H](n2cnc3c([O-])ncnc32)[C@H](O)[C@@H]1O.[Na+].[Na+].[Na+],281.83
193.1,574.1120000000002,-12.389600000000003,4.0,16.0,8.0,O=P([O-])([O-])OP(=O)(O)OP(=O)(O)OC[C@H]1O[C@@H](n2cnc3c([O-])ncnc32)[C@H](O)[C@@H]1O.[Na+].[Na+].[Na+],281.83
196.8,574.1120000000002,-12.389600000000003,4.0,16.0,8.0,O=P([O-])([O-])OP(=O)(O)OP(=O)(O)OC[C@H]1O[C@@H](n2cnc3c([O-])ncnc32)[C@H](O)[C@@H]1O.[Na+].[Na+].[Na+],281.83
184.1,523.1810000000002,-2.093029999999998,9.0,14.0,8.0,N=c1nc(O)c2ncn([C@@H]3O[C@H](COP(=O)(O)OP(=O)(O)OP(=O)(O)O)[C@@H](O)[C@H]3O)c2[nH]1,300.09
193.4,523.1810000000002,-2.093029999999998,9.0,14.0,8.0,N=c1nc(O)c2ncn([C@@H]3O[C@H](COP(=O)(O)OP(=O)(O)OP(=O)(O)O)[C@@H](O)[C@H]3O)c2[nH]1,300.09
186.6,443.20200000000006,-2.21003,8.0,12.0,6.0,N=c1nc(O)c2ncn(C3OC(COP(=O)(O)OP(=O)(O)O)C(O)C3O)c2[nH]1,253.55999999999992
192.1,443.20200000000006,-2.21003,8.0,12.0,6.0,N=c1nc(O)c2ncn(C3OC(COP(=O)(O)OP(=O)(O)O)C(O)C3O)c2[nH]1,253.55999999999992
188.4,443.20200000000006,-2.21003,8.0,12.0,6.0,N=c1nc(O)c2ncn(C3OC(COP(=O)(O)OP(=O)(O)O)C(O)C3O)c2[nH]1,253.55999999999992
179.7,347.224,-1.863,5.0,10.0,4.0,Nc1ncnc2c1ncn2[C@@H]1O[C@H](COP(=O)(O)O)[C@@H](O)[C@H]1O,186.07
177.1,347.224,-1.863,5.0,10.0,4.0,Nc1ncnc2c1ncn2[C@@H]1O[C@H](COP(=O)(O)O)[C@@H](O)[C@H]1O,186.07
174.1,347.224,-1.863,5.0,10.0,4.0,Nc1ncnc2c1ncn2[C@@H]1O[C@H](COP(=O)(O)O)[C@@H](O)[C@H]1O,186.07
245.9,767.5410000000002,0.0153000000000022,10.0,18.0,18.0,CC(C)(COP(=O)(O)OP(=O)(O)OC[C@H]1O[C@@H](n2cnc3c(N)ncnc32)[C@H](O)[C@@H]1OP(=O)(O)O)[C@@H](O)C(O)=NCCC(O)=NCCS,353.5400000000001
244.1,767.5410000000002,0.0153000000000022,10.0,18.0,18.0,CC(C)(COP(=O)(O)OP(=O)(O)OC[C@H]1O[C@@H](n2cnc3c(N)ncnc32)[C@H](O)[C@@H]1OP(=O)(O)O)[C@@H](O)C(O)=NCCC(O)=NCCS,353.5400000000001
241.4,767.5410000000002,0.0153000000000022,10.0,18.0,18.0,CC(C)(COP(=O)(O)OP(=O)(O)OC[C@H]1O[C@@H](n2cnc3c(N)ncnc32)[C@H](O)[C@@H]1OP(=O)(O)O)[C@@H](O)C(O)=NCCC(O)=NCCS,353.5400000000001
180.1,425.1630000000001,-3.518599999999997,3.0,14.0,6.0,O=P([O-])([O-])OP(=O)(O)OC[C@H]1O[C@@H](n2cnc3c([O-])ncnc32)[C@H](O)[C@@H]1O,235.29999999999995
186.5,425.1630000000001,-3.518599999999997,3.0,14.0,6.0,O=P([O-])([O-])OP(=O)(O)OC[C@H]1O[C@@H](n2cnc3c([O-])ncnc32)[C@H](O)[C@@H]1O,235.29999999999995
183.8,425.1630000000001,-3.518599999999997,3.0,14.0,6.0,O=P([O-])([O-])OP(=O)(O)OC[C@H]1O[C@@H](n2cnc3c([O-])ncnc32)[C@H](O)[C@@H]1O,235.29999999999995
172.2,363.223,-2.32703,7.0,10.0,4.0,N=c1nc(O)c2ncn([C@@H]3O[C@H](COP(=O)(O)O)[C@@H](O)[C@H]3O)c2[nH]1,207.02999999999994
179.6,363.223,-2.32703,7.0,10.0,4.0,N=c1nc(O)c2ncn([C@@H]3O[C@H](COP(=O)(O)O)[C@@H](O)[C@H]3O)c2[nH]1,207.02999999999994
174.3,363.223,-2.32703,7.0,10.0,4.0,N=c1nc(O)c2ncn([C@@H]3O[C@H](COP(=O)(O)O)[C@@H](O)[C@H]3O)c2[nH]1,207.02999999999994
214.2,477.56600000000026,1.166970000000005,8.0,6.0,14.0,CC(C)[C@H](N=C(O)CN)C(O)=N[C@@H](Cc1ccccc1)C(O)=N[C@@H](CCCNC(=N)N)C(=O)O,222.98999999999998
226.1,840.7699999999995,20.685000000000016,0.0,0.0,0.0,c12c3c4c5c1c1c6c7c2c2c8c3c3c9c4c4c%10c5c5c1c1c6c6c%11c%12c%13c%14c%15c%16c%17c%14c%14c%18c%13c%11c1c1c5c%10c5c(c%14c%10c%17c%11c%13c%16c%14c%16c%15c%12c%12c%16c(c2c7c%126)c2c8c3c(c%13c%142)c2c9c4c5c%10c%112)c%181,0.0
164.6,302.37600000000003,6.890400000000002,0.0,0.0,0.0,c1ccc2c(c1)cc1ccc3c4ccccc4cc4ccc2c1c43,0.0
162.6,300.36000000000007,6.919200000000001,0.0,0.0,0.0,c1cc2ccc3ccc4ccc5ccc6ccc1c1c2c3c4c5c61,0.0
160.4,300.36000000000007,6.919200000000001,0.0,0.0,0.0,c1cc2ccc3ccc4ccc5ccc6ccc1c1c2c3c4c5c61,0.0
155.5,276.338,6.328200000000002,0.0,0.0,0.0,c1cc2ccc3ccc4ccc5cccc6c(c1)c2c3c4c56,0.0
154.0,276.338,6.328200000000002,0.0,0.0,0.0,c1cc2ccc3ccc4ccc5cccc6c(c1)c2c3c4c56,0.0
162.6,268.31500000000005,5.442800000000003,1.0,1.0,0.0,Oc1cccc2c1cc1ccc3cccc4ccc2c1c34,20.23
150.3,252.31599999999997,5.737200000000002,0.0,0.0,0.0,c1ccc2c(c1)cc1ccc3cccc4ccc2c1c34,0.0
149.5,252.31599999999997,5.737200000000002,0.0,0.0,0.0,c1ccc2c(c1)cc1ccc3cccc4ccc2c1c34,0.0
162.5,268.315,5.442800000000003,1.0,1.0,0.0,Oc1cc2c3ccccc3cc3ccc4cccc1c4c32,20.23
137.0,202.25599999999997,4.584000000000002,0.0,0.0,0.0,c1cc2ccc3cccc4ccc(c1)c2c34,0.0
136.1,202.25599999999997,4.584000000000002,0.0,0.0,0.0,c1cc2ccc3cccc4ccc(c1)c2c34,0.0
148.0,218.255,4.289600000000003,1.0,1.0,0.0,Oc1ccc2ccc3cccc4ccc1c2c34,20.23
142.6,232.238,2.7422000000000013,0.0,2.0,0.0,O=c1c(=O)c2cccc3ccc4cccc1c4c32,34.14
157.8,276.338,6.231400000000002,0.0,0.0,0.0,c1ccc2c(c1)-c1ccc3ccc4cccc5cc-2c1c3c45,0.0
156.3,276.338,6.231400000000002,0.0,0.0,0.0,c1ccc2c(c1)-c1ccc3ccc4cccc5cc-2c1c3c45,0.0
165.8,334.22099999999995,-2.0460299999999982,5.0,7.0,5.0,N=C(O)c1ccc[n+]([C@@H]2O[C@H](COP(=O)([O-])O)[C@@H](O)[C@H]2O)c1,167.24
114.2,111.1,0.4927999999999995,2.0,3.0,0.0,Oc1cccc(O)n1,53.35
119.7,111.1,0.4927999999999995,2.0,3.0,0.0,Oc1cccc(O)n1,53.35
115.5,95.101,0.7871999999999999,1.0,2.0,0.0,Oc1ccccn1,33.120000000000005
125.9,111.09999999999998,0.0804999999999998,2.0,2.0,0.0,O=c1cc[nH]cc1O,53.09
150.1,247.143,0.5174199999999995,3.0,5.0,4.0,Cc1ncc(COP(=O)(O)O)c(C=O)c1O,116.95
151.7,247.143,0.5174199999999995,3.0,5.0,4.0,Cc1ncc(COP(=O)(O)O)c(C=O)c1O,116.95
161.4,247.143,0.5174199999999995,3.0,5.0,4.0,Cc1ncc(COP(=O)(O)O)c(C=O)c1O,116.95
129.2,167.164,0.4004199999999998,2.0,4.0,2.0,Cc1ncc(CO)c(C=O)c1O,70.42
131.3,167.164,0.4004199999999998,2.0,4.0,2.0,Cc1ncc(CO)c(C=O)c1O,70.42
142.7,167.164,0.4004199999999998,2.0,4.0,2.0,Cc1ncc(CO)c(C=O)c1O,70.42
153.2,247.143,0.5174199999999995,3.0,5.0,4.0,Cc1ncc(COP(=O)(O)O)c(C=O)c1O,116.95
149.4,247.143,0.5174199999999995,3.0,5.0,4.0,Cc1ncc(COP(=O)(O)O)c(C=O)c1O,116.95
152.4,247.143,0.5174199999999995,3.0,5.0,4.0,Cc1ncc(COP(=O)(O)O)c(C=O)c1O,116.95
162.4,247.143,0.5174199999999995,3.0,5.0,4.0,Cc1ncc(COP(=O)(O)O)c(C=O)c1O,116.95
136.4,241.46099999999998,2.3222,2.0,3.0,1.0,Nc1c(Cl)c(Cl)nc(C(=O)O)c1Cl,76.21
141.9,241.46099999999998,2.3222,2.0,3.0,1.0,Nc1c(Cl)c(Cl)nc(C(=O)O)c1Cl,76.21
155.4,241.46099999999998,2.3222,2.0,3.0,1.0,Nc1c(Cl)c(Cl)nc(C(=O)O)c1Cl,76.21
126.1,137.162,0.39447,2.0,1.0,1.0,C[n+]1cccc(C(=N)O)c1,47.96
129.1,139.10999999999999,0.4853999999999998,2.0,3.0,1.0,O=C(O)c1ccc(O)nc1,70.42
121.3,123.11099999999998,0.7797999999999999,1.0,2.0,1.0,O=C(O)c1cccnc1,50.19
123.9,123.11099999999998,0.7797999999999999,1.0,2.0,1.0,O=C(O)c1cccnc1,50.19
130.9,183.16299999999998,0.2861199999999999,3.0,4.0,2.0,Cc1ncc(CO)c(C(=O)O)c1O,90.65
147.6,183.16299999999998,0.2861199999999999,3.0,4.0,2.0,Cc1ncc(CO)c(C(=O)O)c1O,90.65
136.0,183.16299999999998,0.2861199999999999,3.0,4.0,2.0,Cc1ncc(CO)c(C(=O)O)c1O,90.65
150.6,183.16299999999998,0.2861199999999999,3.0,4.0,2.0,Cc1ncc(CO)c(C(=O)O)c1O,90.65
128.0,167.11999999999998,0.4779999999999999,2.0,3.0,2.0,O=C(O)c1cccnc1C(=O)O,87.49
134.9,167.11999999999998,0.4779999999999999,2.0,3.0,2.0,O=C(O)c1cccnc1C(=O)O,87.49
136.4,122.12699999999997,0.96497,2.0,2.0,1.0,N=C(O)c1cccnc1,56.97
126.7,122.12699999999997,0.96497,2.0,2.0,1.0,N=C(O)c1cccnc1,56.97
136.4,168.19599999999997,0.0466200000000002,3.0,4.0,2.0,Cc1ncc(CO)c(CN)c1O,79.37
134.4,168.19599999999997,0.0466200000000002,3.0,4.0,2.0,Cc1ncc(CO)c(CN)c1O,79.37
145.7,168.19599999999997,0.0466200000000002,3.0,4.0,2.0,Cc1ncc(CO)c(CN)c1O,79.37
144.2,169.18,0.08022,3.0,4.0,2.0,Cc1ncc(CO)c(CO)c1O,73.58000000000001
134.7,169.18,0.08022,3.0,4.0,2.0,Cc1ncc(CO)c(CO)c1O,73.58000000000001
134.5,169.18,0.08022,3.0,4.0,2.0,Cc1ncc(CO)c(CO)c1O,73.58000000000001
154.2,242.23099999999997,-1.1019800000000002,3.0,7.0,2.0,Cc1cn([C@H]2C[C@H](O)[C@@H](CO)O2)c(=O)nc1O,104.81
161.2,242.23099999999997,-1.1019800000000002,3.0,7.0,2.0,Cc1cn([C@H]2C[C@H](O)[C@@H](CO)O2)c(=O)nc1O,104.81
149.1,227.21999999999997,-1.29113,4.0,7.0,2.0,N=c1ccn([C@H]2C[C@H](O)[C@@H](CO)O2)c(O)n1,111.59000000000002
158.5,227.21999999999997,-1.29113,4.0,7.0,2.0,N=c1ccn([C@H]2C[C@H](O)[C@@H](CO)O2)c(O)n1,111.59000000000002
156.1,227.21999999999997,-1.29113,4.0,7.0,2.0,N=c1ccn([C@H]2C[C@H](O)[C@@H](CO)O2)c(O)n1,111.59000000000002
150.0,228.20399999999995,-1.4104,3.0,7.0,2.0,O=c1nc(O)ccn1[C@H]1C[C@H](O)[C@@H](CO)O1,104.81
157.3,228.20399999999995,-1.4104,3.0,7.0,2.0,O=c1nc(O)ccn1[C@H]1C[C@H](O)[C@@H](CO)O1,104.81
159.9,257.246,-2.01191,5.0,8.0,2.0,Cc1cn([C@@H]2O[C@H](CO)[C@@H](O)[C@H]2O)c(O)nc1=N,131.82000000000002
156.5,257.246,-2.01191,5.0,8.0,2.0,Cc1cn([C@@H]2O[C@H](CO)[C@@H](O)[C@H]2O)c(O)nc1=N,131.82000000000002
167.9,257.246,-2.01191,5.0,8.0,2.0,Cc1cn([C@@H]2O[C@H](CO)[C@@H](O)[C@H]2O)c(O)nc1=N,131.82000000000002
161.1,244.20299999999997,-2.4396,4.0,8.0,2.0,O=c1nc(O)ccn1[C@@H]1O[C@H](CO)[C@@H](O)[C@H]1O,125.04
152.0,244.20299999999997,-2.4396,4.0,8.0,2.0,O=c1nc(O)ccn1[C@@H]1O[C@H](CO)[C@@H](O)[C@H]1O,125.04
162.5,244.20299999999997,-2.4396,4.0,8.0,2.0,O=c1nc(O)ccn1[C@@H]1O[C@H](CO)[C@@H](O)[C@H]1O,125.04
150.0,243.21900000000002,-2.32033,5.0,8.0,2.0,N=c1ccn([C@@H]2O[C@H](CO)[C@@H](O)[C@H]2O)c(O)n1,131.82000000000002
151.6,243.21900000000002,-2.32033,5.0,8.0,2.0,N=c1ccn([C@@H]2O[C@H](CO)[C@@H](O)[C@H]2O)c(O)n1,131.82000000000002
159.5,243.21900000000002,-2.32033,5.0,8.0,2.0,N=c1ccn([C@@H]2O[C@H](CO)[C@@H](O)[C@H]2O)c(O)n1,131.82000000000002
167.2,305.183,-1.15773,4.0,9.0,2.0,N=c1ccn(C2OC(CO)C3OP(=O)(O)OC32)c(O)n1,147.12
165.1,305.183,-1.15773,4.0,9.0,2.0,N=c1ccn(C2OC(CO)C3OP(=O)(O)OC32)c(O)n1,147.12
164.6,305.183,-1.15773,4.0,9.0,2.0,N=c1ccn(C2OC(CO)C3OP(=O)(O)OC32)c(O)n1,147.12
163.2,305.183,-1.15773,4.0,9.0,2.0,N=c1ccn(C2OC(CO)C3OP(=O)(O)OC32)c(O)n1,147.12
168.0,305.183,-1.15773,4.0,9.0,2.0,N=c1ccn(C2OC(CO)C3OP(=O)(O)OC32)c(O)n1,147.12
167.5,305.183,-1.15773,4.0,9.0,2.0,N=c1ccn(C2OC(CO)C3OP(=O)(O)OC32)c(O)n1,147.12
188.9,468.1410000000001,-1.0593999999999997,6.0,12.0,8.0,O=c1nc(O)ccn1[C@H]1C[C@H](O)[C@@H](COP(=O)(O)OP(=O)(O)OP(=O)(O)O)O1,244.39999999999995
178.5,468.1410000000001,-1.0593999999999997,6.0,12.0,8.0,O=c1nc(O)ccn1[C@H]1C[C@H](O)[C@@H](COP(=O)(O)OP(=O)(O)OP(=O)(O)O)O1,244.39999999999995
185.1,468.1410000000001,-1.0593999999999997,6.0,12.0,8.0,O=c1nc(O)ccn1[C@H]1C[C@H](O)[C@@H](COP(=O)(O)OP(=O)(O)OP(=O)(O)O)O1,244.39999999999995
164.5,307.199,-1.1741299999999997,5.0,8.0,4.0,N=c1ccn([C@H]2C[C@H](O)[C@@H](COP(=O)(O)O)O2)c(O)n1,158.12
156.6,307.199,-1.1741299999999997,5.0,8.0,4.0,N=c1ccn([C@H]2C[C@H](O)[C@@H](COP(=O)(O)O)O2)c(O)n1,158.12
163.7,307.199,-1.1741299999999997,5.0,8.0,4.0,N=c1ccn([C@H]2C[C@H](O)[C@@H](COP(=O)(O)O)O2)c(O)n1,158.12
164.9,307.199,-1.1741299999999997,5.0,8.0,4.0,N=c1ccn([C@H]2C[C@H](O)[C@@H](COP(=O)(O)O)O2)c(O)n1,158.12
162.8,322.21000000000004,-0.98498,4.0,8.0,4.0,Cc1cn([C@H]2C[C@H](O)[C@@H](COP(=O)(O)O)O2)c(=O)nc1O,151.34
167.7,322.21000000000004,-0.98498,4.0,8.0,4.0,Cc1cn([C@H]2C[C@H](O)[C@@H](COP(=O)(O)O)O2)c(=O)nc1O,151.34
176.2,322.21000000000004,-0.98498,4.0,8.0,4.0,Cc1cn([C@H]2C[C@H](O)[C@@H](COP(=O)(O)O)O2)c(=O)nc1O,151.34
173.5,322.21000000000004,-0.98498,4.0,8.0,4.0,Cc1cn([C@H]2C[C@H](O)[C@@H](COP(=O)(O)O)O2)c(=O)nc1O,151.34
163.8,322.21000000000004,-0.98498,4.0,8.0,4.0,Cc1cn([C@H]2C[C@H](O)[C@@H](COP(=O)(O)O)O2)c(=O)nc1O,151.34
162.1,308.183,-1.2934,4.0,8.0,4.0,O=c1nc(O)ccn1[C@H]1C[C@H](O)[C@@H](COP(=O)(O)O)O1,151.34
171.9,308.183,-1.2934,4.0,8.0,4.0,O=c1nc(O)ccn1[C@H]1C[C@H](O)[C@@H](COP(=O)(O)O)O1,151.34
159.2,308.183,-1.2934,4.0,8.0,4.0,O=c1nc(O)ccn1[C@H]1C[C@H](O)[C@@H](COP(=O)(O)O)O1,151.34
228.4,607.3550000000004,-3.397299999999995,9.0,17.0,10.0,CC(O)=NC1C(OP(=O)(O)OP(=O)(O)OCC2OC(n3ccc(O)nc3=O)C(O)C2O)OC(CO)C(O)C1O,309.61
223.9,607.3550000000004,-3.397299999999995,9.0,17.0,10.0,CC(O)=NC1C(OP(=O)(O)OP(=O)(O)OCC2OC(n3ccc(O)nc3=O)C(O)C2O)OC(CO)C(O)C1O,309.61
216.2,607.3550000000004,-3.397299999999995,9.0,17.0,10.0,CC(O)=NC1C(OP(=O)(O)OP(=O)(O)OCC2OC(n3ccc(O)nc3=O)C(O)C2O)OC(CO)C(O)C1O,309.61
227.2,607.3550000000004,-3.397299999999995,9.0,17.0,10.0,CC(O)=NC1C(OP(=O)(O)OP(=O)(O)OCC2OC(n3ccc(O)nc3=O)C(O)C2O)OC(CO)C(O)C1O,309.61
218.2,607.3550000000004,-3.397299999999995,9.0,17.0,10.0,CC(O)=NC1C(OP(=O)(O)OP(=O)(O)OCC2OC(n3ccc(O)nc3=O)C(O)C2O)OC(CO)C(O)C1O,309.61
215.7,566.3020000000002,-4.381399999999994,9.0,17.0,9.0,O=c1nc(O)ccn1[C@@H]1O[C@H](COP(=O)(O)OP(=O)(O)O[C@H]2O[C@H](CO)[C@@H](O)[C@H](O)[C@H]2O)[C@@H](O)[C@H]1O,297.25
207.3,566.3020000000002,-4.381399999999994,9.0,17.0,9.0,O=c1nc(O)ccn1[C@@H]1O[C@H](COP(=O)(O)OP(=O)(O)O[C@H]2O[C@H](CO)[C@@H](O)[C@H](O)[C@H]2O)[C@@H](O)[C@H]1O,297.25
216.4,566.3020000000002,-4.381399999999994,9.0,17.0,9.0,O=c1nc(O)ccn1[C@@H]1O[C@H](COP(=O)(O)OP(=O)(O)O[C@H]2O[C@H](CO)[C@@H](O)[C@H](O)[C@H]2O)[C@@H](O)[C@H]1O,297.25
210.5,566.3020000000002,-4.381399999999994,9.0,17.0,9.0,O=c1nc(O)ccn1[C@@H]1O[C@H](COP(=O)(O)OP(=O)(O)O[C@H]2O[C@H](CO)[C@@H](O)[C@H](O)[C@H]2O)[C@@H](O)[C@H]1O,297.25
215.7,566.3020000000002,-4.381399999999994,9.0,17.0,9.0,O=c1nc(O)ccn1[C@@H]1O[C@H](COP(=O)(O)OP(=O)(O)O[C@H]2O[C@H](CO)[C@H](O)[C@H](O)[C@H]2O)[C@@H](O)[C@H]1O,297.25
207.3,566.3020000000002,-4.381399999999994,9.0,17.0,9.0,O=c1nc(O)ccn1[C@@H]1O[C@H](COP(=O)(O)OP(=O)(O)O[C@H]2O[C@H](CO)[C@H](O)[C@H](O)[C@H]2O)[C@@H](O)[C@H]1O,297.25
210.5,566.3020000000002,-4.381399999999994,9.0,17.0,9.0,O=c1nc(O)ccn1[C@@H]1O[C@H](COP(=O)(O)OP(=O)(O)O[C@H]2O[C@H](CO)[C@H](O)[C@H](O)[C@H]2O)[C@@H](O)[C@H]1O,297.25
218.5,564.3300000000002,-3.0437799999999955,8.0,16.0,9.0,Cc1cn([C@H]2C[C@H](O)[C@@H](COP(=O)(O)OP(=O)(O)O[C@H]3O[C@H](CO)[C@@H](O)[C@H](O)[C@H]3O)O2)c(=O)nc1O,277.02
209.5,564.3300000000002,-3.0437799999999955,8.0,16.0,9.0,Cc1cn([C@H]2C[C@H](O)[C@@H](COP(=O)(O)OP(=O)(O)O[C@H]3O[C@H](CO)[C@@H](O)[C@H](O)[C@H]3O)O2)c(=O)nc1O,277.02
209.5,564.3300000000002,-3.0437799999999955,8.0,16.0,9.0,Cc1cn([C@H]2C[C@H](O)[C@@H](COP(=O)(O)OP(=O)(O)O[C@H]3O[C@H](CO)[C@@H](O)[C@H](O)[C@H]3O)O2)c(=O)nc1O,277.02
204.3,580.2850000000003,-4.289099999999994,9.0,17.0,9.0,O=C(O)[C@H]1O[C@H](OP(=O)(O)OP(=O)(O)OC[C@H]2O[C@@H](n3ccc(O)nc3=O)[C@H](O)[C@@H]2O)[C@H](O)[C@@H](O)[C@@H]1O,314.32
211.9,580.2850000000003,-4.289099999999994,9.0,17.0,9.0,O=C(O)[C@H]1O[C@H](OP(=O)(O)OP(=O)(O)OC[C@H]2O[C@@H](n3ccc(O)nc3=O)[C@H](O)[C@@H]2O)[C@H](O)[C@@H](O)[C@@H]1O,314.32
210.9,580.2850000000003,-4.289099999999994,9.0,17.0,9.0,O=C(O)[C@H]1O[C@H](OP(=O)(O)OP(=O)(O)OC[C@H]2O[C@@H](n3ccc(O)nc3=O)[C@H](O)[C@@H]2O)[C@H](O)[C@@H](O)[C@@H]1O,314.32
227.9,607.3550000000004,-3.397299999999995,9.0,17.0,10.0,CC(O)=N[C@H]1[C@H](OP(=O)(O)OP(=O)(O)OC[C@H]2O[C@@H](n3ccc(O)nc3=O)[C@H](O)[C@@H]2O)O[C@H](CO)[C@@H](O)[C@@H]1O,309.61
223.9,607.3550000000004,-3.397299999999995,9.0,17.0,10.0,CC(O)=N[C@H]1[C@H](OP(=O)(O)OP(=O)(O)OC[C@H]2O[C@@H](n3ccc(O)nc3=O)[C@H](O)[C@@H]2O)O[C@H](CO)[C@@H](O)[C@@H]1O,309.61
210.4,607.3550000000004,-3.397299999999995,9.0,17.0,10.0,CC(O)=N[C@H]1[C@H](OP(=O)(O)OP(=O)(O)OC[C@H]2O[C@@H](n3ccc(O)nc3=O)[C@H](O)[C@@H]2O)O[C@H](CO)[C@@H](O)[C@@H]1O,309.61
190.2,484.14000000000004,-2.088599999999999,7.0,13.0,8.0,O=c1nc(O)ccn1[C@@H]1O[C@H](COP(=O)(O)OP(=O)(O)OP(=O)(O)O)[C@@H](O)[C@H]1O,264.62999999999994
180.1,484.14000000000004,-2.088599999999999,7.0,13.0,8.0,O=c1nc(O)ccn1[C@@H]1O[C@H](COP(=O)(O)OP(=O)(O)OP(=O)(O)O)[C@@H](O)[C@H]1O,264.62999999999994
186.9,484.14000000000004,-2.088599999999999,7.0,13.0,8.0,O=c1nc(O)ccn1[C@@H]1O[C@H](COP(=O)(O)OP(=O)(O)OP(=O)(O)O)[C@@H](O)[C@H]1O,264.62999999999994
178.7,404.161,-2.2056,6.0,11.0,6.0,O=c1nc(O)ccn1[C@@H]1O[C@H](COP(=O)(O)OP(=O)(O)O)[C@@H](O)[C@H]1O,218.09999999999997
172.9,404.161,-2.2056,6.0,11.0,6.0,O=c1nc(O)ccn1[C@@H]1O[C@H](COP(=O)(O)OP(=O)(O)O)[C@@H](O)[C@H]1O,218.09999999999997
176.5,404.161,-2.2056,6.0,11.0,6.0,O=c1nc(O)ccn1[C@@H]1O[C@H](COP(=O)(O)OP(=O)(O)O)[C@@H](O)[C@H]1O,218.09999999999997
185.9,446.24600000000015,-2.1033299999999966,7.0,13.0,9.0,N=c1ccn([C@@H]2O[C@H](COP(=O)(O)OP(=O)(O)OCCN)[C@@H](O)[C@H]2O)c(O)n1,239.89999999999998
188.1,446.24600000000015,-2.1033299999999966,7.0,13.0,9.0,N=c1ccn([C@@H]2O[C@H](COP(=O)(O)OP(=O)(O)OCCN)[C@@H](O)[C@H]2O)c(O)n1,239.89999999999998
210.4,488.3270000000001,-1.9878299999999944,5.0,13.0,10.0,C[N+](C)(C)CCOP(=O)(O)OP(=O)([O-])OC[C@H]1O[C@@H](n2ccc(=N)nc2O)[C@H](O)[C@@H]1O,216.71
205.9,488.3270000000001,-1.9878299999999944,5.0,13.0,10.0,C[N+](C)(C)CCOP(=O)(O)OP(=O)([O-])OC[C@H]1O[C@@H](n2ccc(=N)nc2O)[C@H](O)[C@@H]1O,216.71
198.5,488.3270000000001,-1.9878299999999944,5.0,13.0,10.0,C[N+](C)(C)CCOP(=O)(O)OP(=O)([O-])OC[C@H]1O[C@@H](n2ccc(=N)nc2O)[C@H](O)[C@@H]1O,216.71
208.1,488.3270000000001,-1.9878299999999944,5.0,13.0,10.0,C[N+](C)(C)CCOP(=O)(O)OP(=O)([O-])OC[C@H]1O[C@@H](n2ccc(=N)nc2O)[C@H](O)[C@@H]1O,216.71
176.3,403.177,-2.08633,7.0,11.0,6.0,N=c1ccn([C@@H]2O[C@H](COP(=O)(O)OP(=O)(O)O)[C@@H](O)[C@H]2O)c(O)n1,224.87999999999994
174.2,403.177,-2.08633,7.0,11.0,6.0,N=c1ccn([C@@H]2O[C@H](COP(=O)(O)OP(=O)(O)O)[C@@H](O)[C@H]2O)c(O)n1,224.87999999999994
175.6,403.177,-2.08633,7.0,11.0,6.0,N=c1ccn([C@@H]2O[C@H](COP(=O)(O)OP(=O)(O)O)[C@@H](O)[C@H]2O)c(O)n1,224.87999999999994
179.9,403.177,-2.08633,7.0,11.0,6.0,N=c1ccn([C@@H]2O[C@H](COP(=O)(O)OP(=O)(O)O)[C@@H](O)[C@H]2O)c(O)n1,224.87999999999994
164.1,324.18199999999996,-2.3226,5.0,9.0,4.0,O=c1nc(O)ccn1[C@@H]1O[C@H](COP(=O)(O)O)[C@@H](O)[C@H]1O,171.57
162.3,324.18199999999996,-2.3226,5.0,9.0,4.0,O=c1nc(O)ccn1[C@@H]1O[C@H](COP(=O)(O)O)[C@@H](O)[C@H]1O,171.57
167.0,324.18199999999996,-2.3226,5.0,9.0,4.0,O=c1nc(O)ccn1[C@@H]1O[C@H](COP(=O)(O)O)[C@@H](O)[C@H]1O,171.57
172.8,324.18199999999996,-2.3226,5.0,9.0,4.0,O=c1nc(O)ccn1[C@@H]1O[C@H](COP(=O)(O)O)[C@@H](O)[C@H]1O,171.57
163.3,323.19800000000004,-2.20333,6.0,9.0,4.0,N=c1ccn([C@@H]2O[C@H](COP(=O)(O)O)[C@@H](O)[C@H]2O)c(O)n1,178.35000000000002
165.1,323.19800000000004,-2.20333,6.0,9.0,4.0,N=c1ccn([C@@H]2O[C@H](COP(=O)(O)O)[C@@H](O)[C@H]2O)c(O)n1,178.35000000000002
167.1,323.19800000000004,-2.20333,6.0,9.0,4.0,N=c1ccn([C@@H]2O[C@H](COP(=O)(O)O)[C@@H](O)[C@H]2O)c(O)n1,178.35000000000002
168.7,323.19800000000004,-2.20333,6.0,9.0,4.0,N=c1ccn([C@@H]2O[C@H](COP(=O)(O)O)[C@@H](O)[C@H]2O)c(O)n1,178.35000000000002
207.7,488.3270000000001,-1.9878299999999944,5.0,13.0,10.0,C[N+](C)(C)CCOP(=O)(O)OP(=O)([O-])OC[C@H]1O[C@@H](n2ccc(=N)nc2O)[C@H](O)[C@@H]1O,216.71
197.6,488.3270000000001,-1.9878299999999944,5.0,13.0,10.0,C[N+](C)(C)CCOP(=O)(O)OP(=O)([O-])OC[C@H]1O[C@@H](n2ccc(=N)nc2O)[C@H](O)[C@@H]1O,216.71
207.7,488.3270000000001,-1.9878299999999944,5.0,13.0,10.0,C[N+](C)(C)CCOP(=O)(O)OP(=O)([O-])OC[C@H]1O[C@@H](n2ccc(=N)nc2O)[C@H](O)[C@@H]1O,216.71
114.3,111.09999999999998,0.7128999999999999,2.0,1.0,1.0,O=C(O)c1ccc[nH]1,53.089999999999996
133.7,179.22199999999998,3.3880000000000017,0.0,1.0,0.0,c1ccc2nc3ccccc3cc2c1,12.89
132.0,179.22199999999998,3.3880000000000017,0.0,1.0,0.0,c1ccc2nc3ccccc3cc2c1,12.89
190.2,392.4060000000002,2.0815999999999995,3.0,6.0,3.0,C[C@@H]1CN(c2c(F)c(N)c3c(=O)c(C(=O)O)cn(C4CC4)c3c2F)C[C@H](C)N1,100.59
214.5,392.4060000000002,2.0815999999999995,3.0,6.0,3.0,C[C@@H]1CN(c2c(F)c(N)c3c(=O)c(C(=O)O)cn(C4CC4)c3c2F)C[C@H](C)N1,100.59
216.1,392.4060000000002,2.0815999999999995,3.0,6.0,3.0,C[C@@H]1CN(c2c(F)c(N)c3c(=O)c(C(=O)O)cn(C4CC4)c3c2F)C[C@H](C)N1,100.59
217.4,392.4060000000002,2.0815999999999995,3.0,6.0,3.0,C[C@@H]1CN(c2c(F)c(N)c3c(=O)c(C(=O)O)cn(C4CC4)c3c2F)C[C@H](C)N1,100.59
134.6,173.171,1.933,1.0,2.0,1.0,O=C(O)c1ccnc2ccccc12,50.19
133.5,173.171,1.933,1.0,2.0,1.0,O=C(O)c1ccnc2ccccc12,50.19
136.6,189.17000000000002,1.2263000000000002,2.0,2.0,1.0,O=C(O)c1cc(=O)c2ccccc2[nH]1,70.16
151.2,189.17000000000002,1.2263000000000002,2.0,2.0,1.0,O=C(O)c1cc(=O)c2ccccc2[nH]1,70.16
135.3,189.17000000000002,1.2263000000000002,2.0,2.0,1.0,O=C(O)c1cc(=O)c2ccccc2[nH]1,70.16
134.6,205.16899999999998,1.3441999999999998,3.0,4.0,1.0,O=C(O)c1cc(O)c2cccc(O)c2n1,90.65
140.4,205.16899999999998,1.3441999999999998,3.0,4.0,1.0,O=C(O)c1cc(O)c2cccc(O)c2n1,90.65
148.0,205.16899999999998,1.3441999999999998,3.0,4.0,1.0,O=C(O)c1cc(O)c2cccc(O)c2n1,90.65
132.3,173.171,1.933,1.0,2.0,1.0,O=C(O)c1ccc2ccccc2n1,50.19
229.7,461.64000000000016,1.7484000000000006,6.0,8.0,18.0,CCCCCCCCCCCCC/C=C/[C@@H](O)[C@@H](N)CO[C@@H]1O[C@H](CO)[C@@H](O)[C@H](O)[C@H]1O,145.63000000000002
224.5,461.64000000000016,1.7484000000000006,6.0,8.0,18.0,CCCCCCCCCCCCC/C=C/[C@@H](O)[C@@H](N)CO[C@@H]1O[C@H](CO)[C@@H](O)[C@H](O)[C@H]1O,145.63000000000002
226.8,461.64000000000016,1.7484000000000006,6.0,8.0,18.0,CCCCCCCCCCCCC/C=C/[C@@H](O)[C@@H](N)CO[C@@H]1O[C@H](CO)[C@@H](O)[C@H](O)[C@H]1O,145.63000000000002
218.7,461.64000000000016,1.7484000000000006,6.0,8.0,18.0,CCCCCCCCCCCCC/C=C/[C@@H](O)[C@@H](N)CO[C@@H]1O[C@H](CO)[C@@H](O)[C@H](O)[C@H]1O,145.63000000000002
221.0,461.64000000000016,1.7484000000000006,6.0,8.0,18.0,CCCCCCCCCCCCC/C=C/[C@@H](O)[C@@H](N)CO[C@@H]1O[C@H](CO)[C@@H](O)[C@H](O)[C@H]1O,145.63000000000002
226.2,461.64000000000016,1.7484000000000006,6.0,8.0,18.0,CCCCCCCCCCCCC/C=C/[C@@H](O)[C@@H](N)CO[C@@H]1O[C@H](CO)[C@@H](O)[C@H](O)[C@H]1O,145.63000000000002
173.1,288.431,3.879200000000003,1.0,2.0,0.0,C[C@]12CC[C@H]3[C@@H](CCC4=CC(=O)CC[C@@]43C)[C@@H]1CC[C@H]2O,37.3
198.3,288.431,3.879200000000003,1.0,2.0,0.0,C[C@]12CC[C@H]3[C@@H](CCC4=CC(=O)CC[C@@]43C)[C@@H]1CC[C@H]2O,37.3
173.3,288.431,3.879200000000003,1.0,2.0,0.0,C[C@]12CC[C@H]3[C@@H](CCC4=CC(=O)CC[C@@]43C)[C@@H]1CC[C@@H]2O,37.3
198.7,288.431,3.879200000000003,1.0,2.0,0.0,C[C@]12CC[C@H]3[C@@H](CCC4=CC(=O)CC[C@@]43C)[C@@H]1CC[C@@H]2O,37.3
182.8,286.415,4.087400000000003,0.0,2.0,0.0,C[C@]12CCC(=O)C=C1CC[C@@H]1[C@@H]2CC[C@]2(C)C(=O)CC[C@@H]12,34.14
203.4,286.415,4.087400000000003,0.0,2.0,0.0,C[C@]12CCC(=O)C=C1CC[C@@H]1[C@@H]2CC[C@]2(C)C(=O)CC[C@@H]12,34.14
218.2,513.6970000000003,5.290700000000004,3.0,5.0,8.0,C[C@H](CCC(O)=NCC(=O)O)[C@H]1CC[C@H]2[C@@H]3CC[C@@H]4C[C@H](OS(=O)(=O)O)CC[C@]4(C)[C@H]3CC[C@]12C,133.48999999999998
200.6,449.63200000000035,4.434400000000004,4.0,4.0,6.0,C[C@H](CCC(O)=NCC(=O)O)[C@H]1CC[C@H]2[C@@H]3[C@H](O)C[C@@H]4C[C@H](O)CC[C@]4(C)[C@H]3CC[C@]12C,110.35000000000001
196.9,449.63200000000035,4.434400000000004,4.0,4.0,6.0,C[C@H](CCC(O)=NCC(=O)O)[C@H]1CC[C@H]2[C@@H]3[C@H](O)C[C@@H]4C[C@H](O)CC[C@]4(C)[C@H]3CC[C@]12C,110.35000000000001
203.8,449.63200000000035,4.434400000000004,4.0,4.0,6.0,C[C@H](CCC(O)=NCC(=O)O)[C@H]1CC[C@H]2[C@@H]3[C@H](O)C[C@@H]4C[C@H](O)CC[C@]4(C)[C@H]3CC[C@]12C,110.35000000000001
205.6,408.57900000000024,3.4487000000000028,4.0,4.0,4.0,C[C@H](CCC(=O)O)[C@H]1CC[C@H]2[C@@H]3[C@H](O)[C@@H](O)[C@@H]4C[C@H](O)CC[C@]4(C)[C@H]3CC[C@]12C,97.99000000000001
201.2,408.57900000000024,3.4487000000000028,4.0,4.0,4.0,C[C@H](CCC(=O)O)[C@H]1CC[C@H]2[C@@H]3[C@@H](O)[C@@H](O)[C@@H]4C[C@H](O)CC[C@]4(C)[C@H]3CC[C@]12C,97.99000000000001
203.3,408.5790000000002,3.4487000000000028,4.0,4.0,4.0,C[C@H](CCC(=O)O)[C@H]1CC[C@H]2[C@@H]3[C@@H](O)C[C@@H]4C[C@H](O)CC[C@]4(C)[C@H]3C[C@H](O)[C@]12C,97.99000000000001
211.5,456.64500000000027,5.3342000000000045,2.0,4.0,6.0,CC(CCC(=O)O)C1CCC2C3CCC4CC(OS(=O)(=O)O)CCC4(C)C3CCC12C,100.9
201.4,376.5810000000002,5.507100000000006,2.0,2.0,4.0,C[C@H](CCC(=O)O)[C@H]1CC[C@H]2[C@@H]3CC[C@@H]4C[C@H](O)CC[C@]4(C)[C@H]3CC[C@]12C,57.53
202.2,465.6310000000003,3.405200000000002,5.0,5.0,6.0,C[C@H](CCC(O)=NCC(=O)O)[C@H]1CC[C@H]2[C@@H]3[C@H](O)C[C@@H]4C[C@H](O)CC[C@]4(C)[C@H]3C[C@H](O)[C@]12C,130.58
199.7,465.6310000000003,3.405200000000002,5.0,5.0,6.0,C[C@H](CCC(O)=NCC(=O)O)[C@H]1CC[C@H]2[C@@H]3[C@H](O)C[C@@H]4C[C@H](O)CC[C@]4(C)[C@H]3C[C@H](O)[C@]12C,130.58
208.4,465.6310000000003,3.405200000000002,5.0,5.0,6.0,C[C@H](CCC(O)=NCC(=O)O)[C@H]1CC[C@H]2[C@@H]3[C@H](O)C[C@@H]4C[C@H](O)CC[C@]4(C)[C@H]3C[C@H](O)[C@]12C,130.58
202.5,465.6310000000003,3.405200000000002,5.0,5.0,6.0,C[C@H](CCC(O)=NCC(=O)O)[C@H]1CC[C@H]2[C@@H]3[C@H](O)C[C@@H]4C[C@H](O)CC[C@]4(C)[C@H]3C[C@H](O)[C@]12C,130.58
204.2,408.57900000000024,3.4487000000000028,4.0,4.0,4.0,C[C@H](CCC(=O)O)[C@H]1CC[C@H]2[C@@H]3[C@H](O)[C@H](O)[C@@H]4C[C@H](O)CC[C@]4(C)[C@H]3CC[C@]12C,97.99000000000001
205.9,472.6440000000003,4.305000000000002,3.0,5.0,6.0,C[C@H](CCC(=O)O)[C@H]1CC[C@H]2[C@@H]3[C@H](O)C[C@@H]4C[C@H](OS(=O)(=O)O)CC[C@]4(C)[C@H]3CC[C@]12C,121.13000000000001
206.5,483.7150000000004,5.266800000000004,3.0,4.0,7.0,C[C@H](CCC(O)=NCCS(=O)(=O)O)[C@H]1CC[C@H]2[C@@H]3CC[C@@H]4C[C@H](O)CC[C@]4(C)[C@H]3CC[C@]12C,107.19000000000001
213.3,483.7150000000004,5.266800000000004,3.0,4.0,7.0,C[C@H](CCC(O)=NCCS(=O)(=O)O)[C@H]1CC[C@H]2[C@@H]3CC[C@@H]4C[C@H](O)CC[C@]4(C)[C@H]3CC[C@]12C,107.19000000000001
221.0,579.7780000000002,4.064700000000001,4.0,7.0,9.0,C[C@H](CCC(O)=NCCS(=O)(=O)O)[C@H]1CCC2C3C(CC[C@@]21C)[C@@]1(C)CC[C@@H](OS(=O)(=O)O)C[C@H]1C[C@H]3O,170.79
203.1,408.5790000000002,3.4487000000000028,4.0,4.0,4.0,C[C@H](CCC(=O)O)[C@H]1CC[C@H]2[C@@H]3[C@H](O)C[C@@H]4C[C@H](O)CC[C@]4(C)[C@H]3C[C@H](O)[C@]12C,97.99000000000001
197.7,408.5790000000002,3.4487000000000028,4.0,4.0,4.0,C[C@H](CCC(=O)O)[C@H]1CC[C@H]2[C@@H]3[C@H](O)C[C@@H]4C[C@H](O)CC[C@]4(C)[C@H]3C[C@H](O)[C@]12C,97.99000000000001
202.1,392.58000000000015,4.477900000000005,3.0,3.0,4.0,C[C@H](CCC(=O)O)[C@H]1CC[C@H]2[C@@H]3CC[C@@H]4C[C@H](O)CC[C@]4(C)[C@H]3C[C@H](O)[C@]12C,77.76
218.2,529.6960000000003,4.261500000000002,4.0,6.0,8.0,C[C@H](CCC(O)=NCC(=O)O)[C@H]1CC[C@H]2[C@@H]3CC[C@@H]4C[C@H](OS(=O)(=O)O)CC[C@]4(C)[C@H]3C[C@H](O)[C@]12C,153.71999999999997
221.2,595.7770000000003,3.0355,5.0,8.0,9.0,C[C@H](CCC(O)=NCCS(=O)(=O)O)[C@H]1CC[C@H]2[C@@H]3[C@H](O)C[C@@H]4C[C@H](OS(=O)(=O)O)CC[C@]4(C)[C@H]3C[C@H](O)[C@]12C,191.01999999999998
205.6,393.70671244600027,7.38870000000001,1.0,1.0,7.0,[2H]C([2H])([2H])C([2H])(CCCC(C)C1CCC2C3CC=C4CC(O)CCC4(C)C3CCC12C)C([2H])([2H])[2H],20.23
239.2,393.70671244600027,7.38870000000001,1.0,1.0,7.0,[2H]C([2H])([2H])C([2H])(CCCC(C)C1CCC2C3CC=C4CC(O)CCC4(C)C3CCC12C)C([2H])([2H])[2H],20.23
183.9,300.398,3.826000000000004,1.0,3.0,1.0,COc1cc2c(cc1O)CC[C@@H]1[C@@H]2CC[C@]2(C)C(=O)CC[C@@H]12,46.53
173.4,300.398,3.826000000000004,1.0,3.0,1.0,COc1cc2c(cc1O)CC[C@@H]1[C@@H]2CC[C@]2(C)C(=O)CC[C@@H]12,46.53
200.4,300.398,3.826000000000004,1.0,3.0,1.0,COc1cc2c(cc1O)CC[C@@H]1[C@@H]2CC[C@]2(C)C(=O)CC[C@@H]12,46.53
189.3,332.4840000000001,3.487700000000003,2.0,3.0,2.0,C[C@]12CC[C@H]3[C@@H](CC=C4CC(O)CC[C@@]43C)[C@@H]1CC[C@@H]2C(=O)CO,57.53
209.3,332.4840000000001,3.487700000000003,2.0,3.0,2.0,C[C@]12CC[C@H]3[C@@H](CC=C4CC(O)CC[C@@]43C)[C@@H]1CC[C@@H]2C(=O)CO,57.53
187.8,346.4670000000001,2.810800000000002,2.0,4.0,2.0,C[C@]12CCC(=O)C=C1CC[C@@H]1[C@@H]2CC[C@@]2(C)[C@H]1CC[C@]2(O)C(=O)CO,74.6
211.4,346.4670000000001,2.810800000000002,2.0,4.0,2.0,C[C@]12CCC(=O)C=C1CC[C@@H]1[C@@H]2CC[C@@]2(C)[C@H]1CC[C@]2(O)C(=O)CO,74.6
186.8,346.46700000000016,2.6667000000000014,2.0,4.0,2.0,C[C@]12C[C@H](O)[C@H]3[C@@H](CCC4=CC(=O)CC[C@@]43C)[C@@H]1CC[C@@H]2C(=O)CO,74.6
187.0,346.46700000000016,2.6667000000000014,2.0,4.0,2.0,C[C@]12C[C@H](O)[C@H]3[C@@H](CCC4=CC(=O)CC[C@@]43C)[C@@H]1CC[C@@H]2C(=O)CO,74.6
209.0,346.46700000000016,2.6667000000000014,2.0,4.0,2.0,C[C@]12C[C@H](O)[C@H]3[C@@H](CCC4=CC(=O)CC[C@@]43C)[C@@H]1CC[C@@H]2C(=O)CO,74.6
212.2,346.46700000000016,2.6667000000000014,2.0,4.0,2.0,C[C@]12C[C@H](O)[C@H]3[C@@H](CCC4=CC(=O)CC[C@@]43C)[C@@H]1CC[C@@H]2C(=O)CO,74.6
192.1,362.4660000000002,1.7816000000000003,3.0,5.0,2.0,C[C@]12CCC(=O)C=C1CC[C@@H]1[C@@H]2[C@@H](O)C[C@@]2(C)[C@H]1CC[C@]2(O)C(=O)CO,94.83
213.2,362.4660000000002,1.7816000000000003,3.0,5.0,2.0,C[C@]12CCC(=O)C=C1CC[C@@H]1[C@@H]2[C@@H](O)C[C@@]2(C)[C@H]1CC[C@]2(O)C(=O)CO,94.83
188.9,362.4660000000002,1.7816000000000003,3.0,5.0,2.0,C[C@]12CCC(=O)C=C1CC[C@@H]1[C@@H]2[C@@H](O)C[C@@]2(C)[C@H]1CC[C@]2(O)C(=O)CO,94.83
211.6,362.4660000000002,1.7816000000000003,3.0,5.0,2.0,C[C@]12CCC(=O)C=C1CC[C@@H]1[C@@H]2[C@@H](O)C[C@@]2(C)[C@H]1CC[C@]2(O)C(=O)CO,94.83
187.7,360.45000000000016,1.8457000000000008,2.0,5.0,3.0,C[C@]12CCC(=O)C=C1CC[C@@H]1[C@@H]2[C@@H](O)C[C@]2(C=O)[C@@H](C(=O)CO)CC[C@@H]12,91.67
194.8,360.45000000000016,1.8457000000000008,2.0,5.0,3.0,C[C@]12CCC(=O)C=C1CC[C@@H]1[C@@H]2[C@@H](O)C[C@]2(C=O)[C@@H](C(=O)CO)CC[C@@H]12,91.67
202.8,360.45000000000016,1.8457000000000008,2.0,5.0,3.0,C[C@]12CCC(=O)C=C1CC[C@@H]1[C@@H]2[C@@H](O)C[C@]2(C=O)[C@@H](C(=O)CO)CC[C@@H]12,91.67
191.4,360.45000000000016,1.989800000000001,2.0,5.0,2.0,C[C@]12CCC(=O)C=C1CC[C@@H]1[C@@H]2C(=O)C[C@@]2(C)[C@H]1CC[C@]2(O)C(=O)CO,91.67
188.4,360.45000000000016,1.989800000000001,2.0,5.0,2.0,C[C@]12CCC(=O)C=C1CC[C@@H]1[C@@H]2C(=O)C[C@@]2(C)[C@H]1CC[C@]2(O)C(=O)CO,91.67
213.5,360.45000000000016,1.989800000000001,2.0,5.0,2.0,C[C@]12CCC(=O)C=C1CC[C@@H]1[C@@H]2C(=O)C[C@@]2(C)[C@H]1CC[C@]2(O)C(=O)CO,91.67
202.0,368.5140000000001,1.4451000000000005,5.0,5.0,2.0,C[C@]12CC[C@@H](O)C[C@H]1CC[C@@H]1[C@@H]2[C@@H](O)C[C@@]2(C)[C@H]1CC[C@]2(O)[C@H](O)CO,101.15
203.3,368.5140000000001,1.4451000000000005,5.0,5.0,2.0,C[C@]12CC[C@@H](O)C[C@H]1CC[C@@H]1[C@@H]2[C@@H](O)C[C@@]2(C)[C@H]1CC[C@]2(O)[C@H](O)CO,101.15
176.1,316.48500000000007,4.515300000000004,1.0,2.0,1.0,CC(=O)[C@H]1CC[C@H]2[C@@H]3CC=C4C[C@@H](O)CC[C@]4(C)[C@H]3CC[C@]12C,37.3
214.8,316.48500000000007,4.515300000000004,1.0,2.0,1.0,CC(=O)[C@H]1CC[C@H]2[C@@H]3CC=C4C[C@@H](O)CC[C@]4(C)[C@H]3CC[C@]12C,37.3
189.2,332.4840000000001,3.630200000000003,2.0,3.0,1.0,CC(=O)[C@@]1(O)CCC2[C@@H]3CC=C4C[C@@H](O)CC[C@]4(C)[C@H]3CC[C@@]21C,57.53
209.2,332.4840000000001,3.630200000000003,2.0,3.0,1.0,CC(=O)[C@@]1(O)CCC2[C@@H]3CC=C4C[C@@H](O)CC[C@]4(C)[C@H]3CC[C@@]21C,57.53
196.5,404.5030000000002,2.352400000000001,2.0,6.0,3.0,CC(=O)OCC(=O)[C@@]1(O)CC[C@H]2[C@@H]3CCC4=CC(=O)CC[C@]4(C)[C@H]3[C@@H](O)C[C@@]21C,100.90000000000002
198.7,404.5030000000002,2.352400000000001,2.0,6.0,3.0,CC(=O)OCC(=O)[C@@]1(O)CC[C@H]2[C@@H]3CCC4=CC(=O)CC[C@]4(C)[C@H]3[C@@H](O)C[C@@]21C,100.90000000000002
207.0,404.5030000000002,2.352400000000001,2.0,6.0,3.0,CC(=O)OCC(=O)[C@@]1(O)CC[C@H]2[C@@H]3CCC4=CC(=O)CC[C@]4(C)[C@H]3[C@@H](O)C[C@@]21C,100.90000000000002
202.9,404.5030000000002,2.352400000000001,2.0,6.0,3.0,CC(=O)OCC(=O)[C@@]1(O)CC[C@H]2[C@@H]3CCC4=CC(=O)CC[C@]4(C)[C@H]3[C@@H](O)C[C@@]21C,100.90000000000002
197.1,372.5050000000002,4.266700000000004,0.0,4.0,3.0,CC(=O)OCC(=O)[C@H]1CC[C@H]2[C@@H]3CCC4=CC(=O)CC[C@]4(C)[C@H]3CC[C@]12C,60.440000000000005
185.5,314.46900000000005,4.723500000000004,0.0,2.0,1.0,CC(=O)[C@H]1CC[C@H]2[C@@H]3CCC4=CC(=O)CC[C@]4(C)[C@H]3CC[C@]12C,34.14
168.0,314.46900000000005,4.723500000000004,0.0,2.0,1.0,CC(=O)[C@H]1CC[C@H]2[C@@H]3CCC4=CC(=O)CC[C@]4(C)[C@H]3CC[C@]12C,34.14
187.0,330.4680000000001,3.838400000000003,1.0,3.0,1.0,CC(=O)[C@@]1(O)CC[C@H]2[C@@H]3CCC4=CC(=O)CC[C@]4(C)[C@H]3CC[C@@]21C,54.37
186.4,330.4680000000001,3.838400000000003,1.0,3.0,1.0,CC(=O)[C@@]1(O)CC[C@H]2[C@@H]3CCC4=CC(=O)CC[C@]4(C)[C@H]3CC[C@@]21C,54.37
208.9,330.4680000000001,3.838400000000003,1.0,3.0,1.0,CC(=O)[C@@]1(O)CC[C@H]2[C@@H]3CCC4=CC(=O)CC[C@]4(C)[C@H]3CC[C@@]21C,54.37
229.9,344.4990000000001,3.823700000000004,3.0,3.0,0.0,C[C@]12Cc3c(O)n[nH]c3C[C@@H]1CC[C@@H]1[C@@H]2CC[C@@]2(C)[C@H]1CC[C@]2(C)O,69.14
217.8,304.47400000000005,4.205100000000004,1.0,2.0,0.0,C[C@H]1CC(=O)C[C@@H]2CC[C@H]3[C@@H]4CC[C@H](O)[C@@]4(C)CC[C@@H]3[C@]21C,37.3
220.0,304.47400000000005,4.205100000000004,1.0,2.0,0.0,C[C@H]1CC(=O)C[C@@H]2CC[C@H]3[C@@H]4CC[C@H](O)[C@@]4(C)CC[C@@H]3[C@]21C,37.3
217.6,302.4580000000001,4.125200000000004,1.0,2.0,0.0,CC1=CC(=O)C[C@@H]2CC[C@H]3[C@@H]4CC[C@H](O)[C@@]4(C)CC[C@@H]3[C@@]12C,37.3
212.2,316.485,4.515300000000004,1.0,2.0,0.0,C[C@@H]1CC2=CC(=O)CC[C@]2(C)[C@H]2CC[C@@]3(C)[C@@H](CC[C@]3(C)O)[C@H]12,37.3
231.0,328.5000000000001,4.118100000000004,2.0,2.0,0.0,C[C@]12Cc3c[nH]nc3C[C@@H]1CC[C@@H]1[C@@H]2CC[C@@]2(C)[C@H]1CC[C@]2(C)O,48.91
215.4,274.40399999999994,3.4891000000000028,1.0,2.0,0.0,C[C@]12CC[C@H]3[C@@H](CCC4=CC(=O)CC[C@@H]43)[C@@H]1CC[C@@H]2O,37.3
218.6,304.47400000000005,4.205100000000004,1.0,2.0,0.0,C[C@@H]1C[C@@]2(C)[C@@H](CC[C@@H]3[C@@H]2CC[C@]2(C)[C@@H](O)CC[C@@H]32)CC1=O,37.3
217.5,286.415,3.655200000000003,1.0,2.0,0.0,C[C@]12CC[C@H]3[C@@H](CCC4=CC(=O)C=C[C@@]43C)[C@@H]1CC[C@@H]2O,37.3
196.2,370.51100000000025,3.786200000000002,1.0,4.0,2.0,C[C@]12CCC3C(CC[C@@H]4C[C@H](OS(=O)(=O)O)CC[C@]34C)C1CCC2=O,80.67000000000002
199.1,384.4940000000002,2.6771000000000007,2.0,5.0,2.0,C[C@]12CC[C@H](OS(=O)(=O)O)CC1=CC[C@@H]1[C@@H]2CC[C@]2(C)C(=O)[C@H](O)C[C@@H]12,100.90000000000002
193.0,368.49500000000006,3.7063000000000015,1.0,4.0,2.0,C[C@]12CCC(=O)C=C1CC[C@@H]1C2CC[C@@]2(C)C1CC[C@@H]2OS(=O)(=O)O,80.67
195.0,302.41400000000004,3.0582000000000016,1.0,3.0,0.0,C[C@@]12CC[C@H]3[C@@H](C(=O)C=C4C[C@@H](O)CC[C@@]43C)[C@@H]1CCC2=O,54.37
206.2,396.54900000000026,4.342400000000003,1.0,4.0,3.0,CC(=O)[C@H]1CC[C@H]2[C@@H]3CC=C4C[C@@H](OS(=O)(=O)O)CC[C@]4(C)[C@H]3CC[C@]12C,80.67
195.7,370.51100000000025,3.786200000000002,1.0,4.0,2.0,C[C@]12CC[C@@H](OS(=O)(=O)O)C[C@@H]1CC[C@@H]1[C@@H]2CC[C@]2(C)C(=O)CC[C@@H]12,80.67000000000002
196.9,440.5140000000003,1.3846999999999996,3.0,7.0,4.0,C[C@]12C=CC(=O)C=C1CC[C@@H]1[C@@H]2[C@@H](O)C[C@@]2(C)[C@H]1CC[C@]2(O)C(=O)COS(=O)(=O)O,138.2
189.3,274.40399999999994,3.4891000000000028,1.0,2.0,0.0,C[C@]12CC[C@H]3[C@@H](CCC4=CC(=O)CC[C@@H]43)[C@@H]1CC[C@H]2O,37.3
197.3,290.447,3.9591000000000034,1.0,2.0,0.0,CC12CCC3C(CC[C@H]4CC(O)CCC34C)C1CC(=O)C2,37.3
200.7,302.458,4.269300000000004,1.0,2.0,0.0,C[C@]12CCC(=O)C=C1CC[C@@H]1[C@@H]2CC[C@@]2(C)[C@H]1CC[C@]2(C)O,37.3
200.6,302.458,4.269300000000004,1.0,2.0,0.0,C[C@]12CCC(=O)C=C1CC[C@@H]1[C@@H]2CC[C@@]2(C)[C@H]1CC[C@]2(C)O,37.3
196.4,368.49500000000023,3.7063000000000015,1.0,4.0,2.0,C[C@]12CC[C@H](OS(=O)(=O)O)CC1=CC[C@@H]1[C@@H]2CC[C@]2(C)C(=O)CC[C@@H]12,80.67000000000002
194.7,368.49500000000023,3.7063000000000015,1.0,4.0,2.0,C[C@]12CC[C@H](OS(=O)(=O)O)CC1=CC[C@@H]1[C@@H]2CC[C@]2(C)C(=O)CC[C@@H]12,80.67000000000002
188.5,304.43000000000006,3.138100000000002,1.0,3.0,0.0,C[C@]12CC[C@@H](O)C[C@H]1CC[C@@H]1[C@@H]2C(=O)C[C@]2(C)C(=O)CC[C@@H]12,54.37
197.4,370.51100000000025,3.786200000000002,1.0,4.0,2.0,C[C@]12CC[C@H](OS(=O)(=O)O)C[C@@H]1CC[C@@H]1[C@@H]2CC[C@]2(C)C(=O)CC[C@@H]12,80.67000000000002
132.9,109.14999999999998,-0.8332000000000002,2.0,2.0,2.0,NCCS(=O)O,63.32000000000001
125.5,109.14999999999998,-0.8332000000000002,2.0,2.0,2.0,NCCS(=O)O,63.32000000000001
194.7,444.44000000000017,0.6789700000000003,7.0,9.0,2.0,CN(C)[C@@H]1C(=O)C(C(=N)O)=C(O)[C@@]2(O)C(=O)C3=C(O)c4c(O)cccc4[C@@](C)(O)[C@H]3C[C@@H]12,182.60999999999999
191.3,444.44000000000017,0.6789700000000003,7.0,9.0,2.0,CN(C)[C@@H]1C(=O)C(C(=N)O)=C(O)[C@@]2(O)C(=O)C3=C(O)c4c(O)cccc4[C@@](C)(O)[C@H]3C[C@@H]12,182.60999999999999
207.1,444.44000000000017,0.6789700000000003,7.0,9.0,2.0,CN(C)[C@@H]1C(=O)C(C(=N)O)=C(O)[C@@]2(O)C(=O)C3=C(O)c4c(O)cccc4[C@@](C)(O)[C@H]3C[C@@H]12,182.60999999999999
200.2,444.44000000000017,0.6789700000000003,7.0,9.0,2.0,CN(C)[C@@H]1C(=O)C(C(=N)O)=C(O)[C@@]2(O)C(=O)C3=C(O)c4c(O)cccc4[C@@](C)(O)[C@H]3C[C@@H]12,182.60999999999999
196.2,444.44000000000017,0.6789700000000003,7.0,9.0,2.0,CN(C)[C@@H]1C(=O)C(C(=N)O)=C(O)[C@@]2(O)C(=O)C3=C(O)c4c(O)cccc4[C@@](C)(O)[C@H]3C[C@@H]12,182.60999999999999
209.4,444.44000000000017,0.6789700000000003,7.0,9.0,2.0,CN(C)[C@@H]1C(=O)C(C(=N)O)=C(O)[C@@]2(O)C(=O)C3=C(O)c4c(O)cccc4[C@@](C)(O)[C@H]3C[C@@H]12,182.60999999999999
139.7,180.22699999999998,0.2782999999999998,3.0,2.0,0.0,CC1[NH2+]CCc2cc(O)c(O)cc21,57.07000000000001
142.9,180.22699999999998,0.2782999999999998,3.0,2.0,0.0,CC1[NH2+]CCc2cc(O)c(O)cc21,57.07000000000001
246.1,582.6570000000004,3.900540000000002,5.0,4.0,11.0,C=CC1=C(C)C(/C=c2\[nH]/c(=C\c3[nH]c(/C=C4\N=C(O)C(C)=C4C=C)c(C)c3CCC(=O)O)c(CCC(=O)O)c2C)=NC1=O,168.2
244.1,582.6570000000004,3.900540000000002,5.0,4.0,11.0,C=CC1=C(C)C(/C=c2\[nH]/c(=C\c3[nH]c(/C=C4\N=C(O)C(C)=C4C=C)c(C)c3CCC(=O)O)c(CCC(=O)O)c2C)=NC1=O,168.2
246.8,582.6570000000004,3.900540000000002,5.0,4.0,11.0,C=CC1=C(C)C(/C=c2\[nH]/c(=C\c3[nH]c(/C=C4\N=C(O)C(C)=C4C=C)c(C)c3CCC(=O)O)c(CCC(=O)O)c2C)=NC1=O,168.2
241.7,562.6700000000004,7.504040000000007,4.0,4.0,8.0,C=CC1=C(C)c2cc3[nH]c(cc4nc(cc5[nH]c(cc1n2)c(C)c5CCC(=O)O)C(CCC(=O)O)=C4C)c(C)c3C=C,131.96
149.5,214.29399999999998,0.3714999999999998,1.0,6.0,1.0,CSc1nnc(C(C)(C)C)c(=O)n1N,73.8
170.2,214.29399999999998,0.3714999999999998,1.0,6.0,1.0,CSc1nnc(C(C)(C)C)c(=O)n1N,73.8
247.4,267.719,3.8590000000000018,0.0,3.0,2.0,Clc1nnc(-c2ccccc2)c(-c2ccccc2)n1,38.67
149.8,215.68800000000002,0.6208999999999997,2.0,3.0,2.0,CCN=c1nc(Cl)[nH]c(=NC(C)C)[nH]1,69.19
160.2,241.364,1.6575999999999995,2.0,5.0,3.0,CCN=c1nc(NC(C)(C)C)[nH]c(SC)n1,65.96000000000001
139.3,162.23600000000002,1.8962,1.0,2.0,1.0,c1cncc(C2CCCCN2)c1,24.92
124.1,137.138,-1.1254000000000002,0.0,2.0,1.0,C[n+]1cccc(C(=O)[O-])c1,44.01
135.9,137.138,-1.1254000000000002,0.0,2.0,1.0,C[n+]1cccc(C(=O)[O-])c1,44.01
